"product_image","product_image_url","product_review_number","product_review_number_url","product_price","product_price_url","product_Brand","product_rating"
"https://m.media-amazon.com/images/I/61uqFMLKD7L._AC_UL400_.jpg","https://www.amazon.com/gp/slredirect/picassoRedirect.html/ref=pa_sp_atf_aps_sr_pg1_1?ie=UTF8&adId=A01962683KLUJX9O55O0H&qualifier=1681416711&id=1927619628156205&widgetName=sp_atf&url=%2FLINNER-Bluetooth-Canceling-Wireless-Microphone%2Fdp%2FB0BV72M2G9%2Fref%3Dsr_1_1_sspa%3Fcrid%3D14JUS1ZG81IKF%26keywords%3Dhearing%2Baids%2Bwith%2Bbluetooth%26qid%3D1681416711%26sprefix%3Dhearing%2Baids%2Bwith%2Bbluetooth%252Caps%252C151%26sr%3D8-1-spons%26psc%3D1","7","https://www.amazon.com/gp/slredirect/picassoRedirect.html/ref=pa_sp_atf_aps_sr_pg1_1?ie=UTF8&adId=A01962683KLUJX9O55O0H&qualifier=1681416711&id=1927619628156205&widgetName=sp_atf&url=%2FLINNER-Bluetooth-Canceling-Wireless-Microphone%2Fdp%2FB0BV72M2G9%2Fref%3Dsr_1_1_sspa%3Fcrid%3D14JUS1ZG81IKF%26keywords%3Dhearing%2Baids%2Bwith%2Bbluetooth%26qid%3D1681416711%26sprefix%3Dhearing%2Baids%2Bwith%2Bbluetooth%252Caps%252C151%26sr%3D8-1-spons%26psc%3D1#customerReviews","299.","https://www.amazon.com/gp/slredirect/picassoRedirect.html/ref=pa_sp_atf_aps_sr_pg1_1?ie=UTF8&adId=A01962683KLUJX9O55O0H&qualifier=1681416711&id=1927619628156205&widgetName=sp_atf&url=%2FLINNER-Bluetooth-Canceling-Wireless-Microphone%2Fdp%2FB0BV72M2G9%2Fref%3Dsr_1_1_sspa%3Fcrid%3D14JUS1ZG81IKF%26keywords%3Dhearing%2Baids%2Bwith%2Bbluetooth%26qid%3D1681416711%26sprefix%3Dhearing%2Baids%2Bwith%2Bbluetooth%252Caps%252C151%26sr%3D8-1-spons%26psc%3D1","LINNER",""
"https://m.media-amazon.com/images/I/61H1NaaFeAL._AC_UL400_.jpg","https://www.amazon.com/gp/slredirect/picassoRedirect.html/ref=pa_sp_atf_aps_sr_pg1_1?ie=UTF8&adId=A03462891PL69TIZ3ZOF4&qualifier=1681416711&id=1927619628156205&widgetName=sp_atf&url=%2FRechargeable-Cancelling-Earrck-Self-Fitting-Adjustable%2Fdp%2FB0BVBK5BX3%2Fref%3Dsr_1_2_sspa%3Fcrid%3D14JUS1ZG81IKF%26keywords%3Dhearing%2Baids%2Bwith%2Bbluetooth%26qid%3D1681416711%26sprefix%3Dhearing%2Baids%2Bwith%2Bbluetooth%252Caps%252C151%26sr%3D8-2-spons%26psc%3D1","17","https://www.amazon.com/gp/slredirect/picassoRedirect.html/ref=pa_sp_atf_aps_sr_pg1_1?ie=UTF8&adId=A03462891PL69TIZ3ZOF4&qualifier=1681416711&id=1927619628156205&widgetName=sp_atf&url=%2FRechargeable-Cancelling-Earrck-Self-Fitting-Adjustable%2Fdp%2FB0BVBK5BX3%2Fref%3Dsr_1_2_sspa%3Fcrid%3D14JUS1ZG81IKF%26keywords%3Dhearing%2Baids%2Bwith%2Bbluetooth%26qid%3D1681416711%26sprefix%3Dhearing%2Baids%2Bwith%2Bbluetooth%252Caps%252C151%26sr%3D8-2-spons%26psc%3D1#customerReviews","299.","https://www.amazon.com/gp/slredirect/picassoRedirect.html/ref=pa_sp_atf_aps_sr_pg1_1?ie=UTF8&adId=A03462891PL69TIZ3ZOF4&qualifier=1681416711&id=1927619628156205&widgetName=sp_atf&url=%2FRechargeable-Cancelling-Earrck-Self-Fitting-Adjustable%2Fdp%2FB0BVBK5BX3%2Fref%3Dsr_1_2_sspa%3Fcrid%3D14JUS1ZG81IKF%26keywords%3Dhearing%2Baids%2Bwith%2Bbluetooth%26qid%3D1681416711%26sprefix%3Dhearing%2Baids%2Bwith%2Bbluetooth%252Caps%252C151%26sr%3D8-2-spons%26psc%3D1","Earrck",""
"https://m.media-amazon.com/images/I/51IaKONvoHL._AC_UL400_.jpg","https://www.amazon.com/gp/slredirect/picassoRedirect.html/ref=pa_sp_atf_aps_sr_pg1_1?ie=UTF8&adId=A02877712SWCCB5HE5NLV&qualifier=1681416711&id=1927619628156205&widgetName=sp_atf&url=%2FRechargeable-Earrck-Amplifier-Cancelling-Magnetic%2Fdp%2FB0BVBC5SPX%2Fref%3Dsr_1_3_sspa%3Fcrid%3D14JUS1ZG81IKF%26keywords%3Dhearing%2Baids%2Bwith%2Bbluetooth%26qid%3D1681416711%26sprefix%3Dhearing%2Baids%2Bwith%2Bbluetooth%252Caps%252C151%26sr%3D8-3-spons%26psc%3D1","10","https://www.amazon.com/gp/slredirect/picassoRedirect.html/ref=pa_sp_atf_aps_sr_pg1_1?ie=UTF8&adId=A02877712SWCCB5HE5NLV&qualifier=1681416711&id=1927619628156205&widgetName=sp_atf&url=%2FRechargeable-Earrck-Amplifier-Cancelling-Magnetic%2Fdp%2FB0BVBC5SPX%2Fref%3Dsr_1_3_sspa%3Fcrid%3D14JUS1ZG81IKF%26keywords%3Dhearing%2Baids%2Bwith%2Bbluetooth%26qid%3D1681416711%26sprefix%3Dhearing%2Baids%2Bwith%2Bbluetooth%252Caps%252C151%26sr%3D8-3-spons%26psc%3D1#customerReviews","199.","https://www.amazon.com/gp/slredirect/picassoRedirect.html/ref=pa_sp_atf_aps_sr_pg1_1?ie=UTF8&adId=A02877712SWCCB5HE5NLV&qualifier=1681416711&id=1927619628156205&widgetName=sp_atf&url=%2FRechargeable-Earrck-Amplifier-Cancelling-Magnetic%2Fdp%2FB0BVBC5SPX%2Fref%3Dsr_1_3_sspa%3Fcrid%3D14JUS1ZG81IKF%26keywords%3Dhearing%2Baids%2Bwith%2Bbluetooth%26qid%3D1681416711%26sprefix%3Dhearing%2Baids%2Bwith%2Bbluetooth%252Caps%252C151%26sr%3D8-3-spons%26psc%3D1","Earrck",""
"https://m.media-amazon.com/images/I/619q7-8yF6L._AC_UL400_.jpg","https://www.amazon.com/gp/slredirect/picassoRedirect.html/ref=pa_sp_atf_aps_sr_pg1_1?ie=UTF8&adId=A07590192VQHSVJVBG7PJ&qualifier=1681416711&id=1927619628156205&widgetName=sp_atf&url=%2FBSLLTER-Bluetooth-Rechargeable-Cancelling-Personalized%2Fdp%2FB0BSBCSY2C%2Fref%3Dsr_1_4_sspa%3Fcrid%3D14JUS1ZG81IKF%26keywords%3Dhearing%2Baids%2Bwith%2Bbluetooth%26qid%3D1681416711%26sprefix%3Dhearing%2Baids%2Bwith%2Bbluetooth%252Caps%252C151%26sr%3D8-4-spons%26psc%3D1","10","https://www.amazon.com/gp/slredirect/picassoRedirect.html/ref=pa_sp_atf_aps_sr_pg1_1?ie=UTF8&adId=A07590192VQHSVJVBG7PJ&qualifier=1681416711&id=1927619628156205&widgetName=sp_atf&url=%2FBSLLTER-Bluetooth-Rechargeable-Cancelling-Personalized%2Fdp%2FB0BSBCSY2C%2Fref%3Dsr_1_4_sspa%3Fcrid%3D14JUS1ZG81IKF%26keywords%3Dhearing%2Baids%2Bwith%2Bbluetooth%26qid%3D1681416711%26sprefix%3Dhearing%2Baids%2Bwith%2Bbluetooth%252Caps%252C151%26sr%3D8-4-spons%26psc%3D1#customerReviews","298.","https://www.amazon.com/gp/slredirect/picassoRedirect.html/ref=pa_sp_atf_aps_sr_pg1_1?ie=UTF8&adId=A07590192VQHSVJVBG7PJ&qualifier=1681416711&id=1927619628156205&widgetName=sp_atf&url=%2FBSLLTER-Bluetooth-Rechargeable-Cancelling-Personalized%2Fdp%2FB0BSBCSY2C%2Fref%3Dsr_1_4_sspa%3Fcrid%3D14JUS1ZG81IKF%26keywords%3Dhearing%2Baids%2Bwith%2Bbluetooth%26qid%3D1681416711%26sprefix%3Dhearing%2Baids%2Bwith%2Bbluetooth%252Caps%252C151%26sr%3D8-4-spons%26psc%3D1","BSLLTER",""
"https://m.media-amazon.com/images/I/6169m9KWrjL._AC_UL400_.jpg","https://www.amazon.com/Earbyear-Bluetooth-Rechargeable-Cancelling-Amplifier/dp/B0BPSLGRJD/ref=sr_1_5?crid=14JUS1ZG81IKF&keywords=hearing+aids+with+bluetooth&qid=1681416711&sprefix=hearing+aids+with+bluetooth%2Caps%2C151&sr=8-5","27","https://www.amazon.com/Earbyear-Bluetooth-Rechargeable-Cancelling-Amplifier/dp/B0BPSLGRJD/ref=sr_1_5?crid=14JUS1ZG81IKF&keywords=hearing+aids+with+bluetooth&qid=1681416711&sprefix=hearing+aids+with+bluetooth%2Caps%2C151&sr=8-5#customerReviews","199.","https://www.amazon.com/Earbyear-Bluetooth-Rechargeable-Cancelling-Amplifier/dp/B0BPSLGRJD/ref=sr_1_5?crid=14JUS1ZG81IKF&keywords=hearing+aids+with+bluetooth&qid=1681416711&sprefix=hearing+aids+with+bluetooth%2Caps%2C151&sr=8-5","Earbyear",""
"https://m.media-amazon.com/images/I/61H1NaaFeAL._AC_UL400_.jpg","https://www.amazon.com/Rechargeable-Cancelling-Earrck-Self-Fitting-Adjustable/dp/B0BVBK5BX3/ref=sr_1_6?crid=14JUS1ZG81IKF&keywords=hearing+aids+with+bluetooth&qid=1681416711&sprefix=hearing+aids+with+bluetooth%2Caps%2C151&sr=8-6","17","https://www.amazon.com/Rechargeable-Cancelling-Earrck-Self-Fitting-Adjustable/dp/B0BVBK5BX3/ref=sr_1_6?crid=14JUS1ZG81IKF&keywords=hearing+aids+with+bluetooth&qid=1681416711&sprefix=hearing+aids+with+bluetooth%2Caps%2C151&sr=8-6#customerReviews","299.","https://www.amazon.com/Rechargeable-Cancelling-Earrck-Self-Fitting-Adjustable/dp/B0BVBK5BX3/ref=sr_1_6?crid=14JUS1ZG81IKF&keywords=hearing+aids+with+bluetooth&qid=1681416711&sprefix=hearing+aids+with+bluetooth%2Caps%2C151&sr=8-6","Earrck",""
"https://m.media-amazon.com/images/I/61jlwIh9BpL._AC_UL400_.jpg","https://www.amazon.com/Bluetooth-Rechargeable-Cancelling-Invisible-Amplifier/dp/B0BRPH23CR/ref=sr_1_7?crid=14JUS1ZG81IKF&keywords=hearing+aids+with+bluetooth&qid=1681416711&sprefix=hearing+aids+with+bluetooth%2Caps%2C151&sr=8-7","22","https://www.amazon.com/Bluetooth-Rechargeable-Cancelling-Invisible-Amplifier/dp/B0BRPH23CR/ref=sr_1_7?crid=14JUS1ZG81IKF&keywords=hearing+aids+with+bluetooth&qid=1681416711&sprefix=hearing+aids+with+bluetooth%2Caps%2C151&sr=8-7#customerReviews","119.","https://www.amazon.com/Bluetooth-Rechargeable-Cancelling-Invisible-Amplifier/dp/B0BRPH23CR/ref=sr_1_7?crid=14JUS1ZG81IKF&keywords=hearing+aids+with+bluetooth&qid=1681416711&sprefix=hearing+aids+with+bluetooth%2Caps%2C151&sr=8-7","SILLVUKI","3.8 out of 5 stars"
"https://m.media-amazon.com/images/I/61v9RZcrdyL._AC_UL400_.jpg","https://www.amazon.com/gp/slredirect/picassoRedirect.html/ref=pa_sp_search_thematic_aps_sr_pg1_1?ie=UTF8&adId=A10123193UM0MXVD3P4BK&qualifier=1681416711&id=3250977270598134&widgetName=sp_search_thematic&url=%2FHionec-Rechargeable-16-Channel-Comfortable-Conversation%2Fdp%2FB0B1TZPCGL%2Fref%3Dsxin_16_pa_sp_search_thematic_sspa%3Fcontent-id%3Damzn1.sym.c8697a08-4071-4b95-a6c6-18057bcdb898%253Aamzn1.sym.c8697a08-4071-4b95-a6c6-18057bcdb898%26crid%3D14JUS1ZG81IKF%26cv_ct_cx%3Dhearing%2Baids%2Bwith%2Bbluetooth%26keywords%3Dhearing%2Baids%2Bwith%2Bbluetooth%26pd_rd_i%3DB0B1TZPCGL%26pd_rd_r%3D8d26f027-c9c4-4385-8889-678f27280678%26pd_rd_w%3DgHobG%26pd_rd_wg%3D8MGsw%26pf_rd_p%3Dc8697a08-4071-4b95-a6c6-18057bcdb898%26pf_rd_r%3DS15ZV1R519DS721BN3R1%26qid%3D1681416711%26sbo%3DRZvfv%252F%252FHxDF%252BO5021pAnSA%253D%253D%26sprefix%3Dhearing%2Baids%2Bwith%2Bbluetooth%252Caps%252C151%26sr%3D1-1-364cf978-ce2a-480a-9bb0-bdb96faa0f61-spons%26psc%3D1","121","https://www.amazon.com/gp/slredirect/picassoRedirect.html/ref=pa_sp_search_thematic_aps_sr_pg1_1?ie=UTF8&adId=A10123193UM0MXVD3P4BK&qualifier=1681416711&id=3250977270598134&widgetName=sp_search_thematic&url=%2FHionec-Rechargeable-16-Channel-Comfortable-Conversation%2Fdp%2FB0B1TZPCGL%2Fref%3Dsxin_16_pa_sp_search_thematic_sspa%3Fcontent-id%3Damzn1.sym.c8697a08-4071-4b95-a6c6-18057bcdb898%253Aamzn1.sym.c8697a08-4071-4b95-a6c6-18057bcdb898%26crid%3D14JUS1ZG81IKF%26cv_ct_cx%3Dhearing%2Baids%2Bwith%2Bbluetooth%26keywords%3Dhearing%2Baids%2Bwith%2Bbluetooth%26pd_rd_i%3DB0B1TZPCGL%26pd_rd_r%3D8d26f027-c9c4-4385-8889-678f27280678%26pd_rd_w%3DgHobG%26pd_rd_wg%3D8MGsw%26pf_rd_p%3Dc8697a08-4071-4b95-a6c6-18057bcdb898%26pf_rd_r%3DS15ZV1R519DS721BN3R1%26qid%3D1681416711%26sbo%3DRZvfv%252F%252FHxDF%252BO5021pAnSA%253D%253D%26sprefix%3Dhearing%2Baids%2Bwith%2Bbluetooth%252Caps%252C151%26sr%3D1-1-364cf978-ce2a-480a-9bb0-bdb96faa0f61-spons%26psc%3D1#customerReviews","209.","https://www.amazon.com/gp/slredirect/picassoRedirect.html/ref=pa_sp_search_thematic_aps_sr_pg1_1?ie=UTF8&adId=A10123193UM0MXVD3P4BK&qualifier=1681416711&id=3250977270598134&widgetName=sp_search_thematic&url=%2FHionec-Rechargeable-16-Channel-Comfortable-Conversation%2Fdp%2FB0B1TZPCGL%2Fref%3Dsxin_16_pa_sp_search_thematic_sspa%3Fcontent-id%3Damzn1.sym.c8697a08-4071-4b95-a6c6-18057bcdb898%253Aamzn1.sym.c8697a08-4071-4b95-a6c6-18057bcdb898%26crid%3D14JUS1ZG81IKF%26cv_ct_cx%3Dhearing%2Baids%2Bwith%2Bbluetooth%26keywords%3Dhearing%2Baids%2Bwith%2Bbluetooth%26pd_rd_i%3DB0B1TZPCGL%26pd_rd_r%3D8d26f027-c9c4-4385-8889-678f27280678%26pd_rd_w%3DgHobG%26pd_rd_wg%3D8MGsw%26pf_rd_p%3Dc8697a08-4071-4b95-a6c6-18057bcdb898%26pf_rd_r%3DS15ZV1R519DS721BN3R1%26qid%3D1681416711%26sbo%3DRZvfv%252F%252FHxDF%252BO5021pAnSA%253D%253D%26sprefix%3Dhearing%2Baids%2Bwith%2Bbluetooth%252Caps%252C151%26sr%3D1-1-364cf978-ce2a-480a-9bb0-bdb96faa0f61-spons%26psc%3D1","Hionec","4.0 out of 5 stars"
"https://m.media-amazon.com/images/I/613jiay2f0L._AC_UL400_.jpg","https://www.amazon.com/gp/slredirect/picassoRedirect.html/ref=pa_sp_search_thematic_aps_sr_pg1_2?ie=UTF8&adId=A04857912PCAZZOVCC0AC&qualifier=1681416711&id=3250977270598134&widgetName=sp_search_thematic&url=%2FProgrammable-Cancellation-Bluetooth-Channels-Processor%2Fdp%2FB09Y2LFTDK%2Fref%3Dsxin_16_pa_sp_search_thematic_sspa%3Fcontent-id%3Damzn1.sym.c8697a08-4071-4b95-a6c6-18057bcdb898%253Aamzn1.sym.c8697a08-4071-4b95-a6c6-18057bcdb898%26crid%3D14JUS1ZG81IKF%26cv_ct_cx%3Dhearing%2Baids%2Bwith%2Bbluetooth%26keywords%3Dhearing%2Baids%2Bwith%2Bbluetooth%26pd_rd_i%3DB09Y2LFTDK%26pd_rd_r%3D8d26f027-c9c4-4385-8889-678f27280678%26pd_rd_w%3DgHobG%26pd_rd_wg%3D8MGsw%26pf_rd_p%3Dc8697a08-4071-4b95-a6c6-18057bcdb898%26pf_rd_r%3DS15ZV1R519DS721BN3R1%26qid%3D1681416711%26sbo%3DRZvfv%252F%252FHxDF%252BO5021pAnSA%253D%253D%26sprefix%3Dhearing%2Baids%2Bwith%2Bbluetooth%252Caps%252C151%26sr%3D1-2-364cf978-ce2a-480a-9bb0-bdb96faa0f61-spons%26psc%3D1","109","https://www.amazon.com/gp/slredirect/picassoRedirect.html/ref=pa_sp_search_thematic_aps_sr_pg1_2?ie=UTF8&adId=A04857912PCAZZOVCC0AC&qualifier=1681416711&id=3250977270598134&widgetName=sp_search_thematic&url=%2FProgrammable-Cancellation-Bluetooth-Channels-Processor%2Fdp%2FB09Y2LFTDK%2Fref%3Dsxin_16_pa_sp_search_thematic_sspa%3Fcontent-id%3Damzn1.sym.c8697a08-4071-4b95-a6c6-18057bcdb898%253Aamzn1.sym.c8697a08-4071-4b95-a6c6-18057bcdb898%26crid%3D14JUS1ZG81IKF%26cv_ct_cx%3Dhearing%2Baids%2Bwith%2Bbluetooth%26keywords%3Dhearing%2Baids%2Bwith%2Bbluetooth%26pd_rd_i%3DB09Y2LFTDK%26pd_rd_r%3D8d26f027-c9c4-4385-8889-678f27280678%26pd_rd_w%3DgHobG%26pd_rd_wg%3D8MGsw%26pf_rd_p%3Dc8697a08-4071-4b95-a6c6-18057bcdb898%26pf_rd_r%3DS15ZV1R519DS721BN3R1%26qid%3D1681416711%26sbo%3DRZvfv%252F%252FHxDF%252BO5021pAnSA%253D%253D%26sprefix%3Dhearing%2Baids%2Bwith%2Bbluetooth%252Caps%252C151%26sr%3D1-2-364cf978-ce2a-480a-9bb0-bdb96faa0f61-spons%26psc%3D1#customerReviews","799.","https://www.amazon.com/gp/slredirect/picassoRedirect.html/ref=pa_sp_search_thematic_aps_sr_pg1_2?ie=UTF8&adId=A04857912PCAZZOVCC0AC&qualifier=1681416711&id=3250977270598134&widgetName=sp_search_thematic&url=%2FProgrammable-Cancellation-Bluetooth-Channels-Processor%2Fdp%2FB09Y2LFTDK%2Fref%3Dsxin_16_pa_sp_search_thematic_sspa%3Fcontent-id%3Damzn1.sym.c8697a08-4071-4b95-a6c6-18057bcdb898%253Aamzn1.sym.c8697a08-4071-4b95-a6c6-18057bcdb898%26crid%3D14JUS1ZG81IKF%26cv_ct_cx%3Dhearing%2Baids%2Bwith%2Bbluetooth%26keywords%3Dhearing%2Baids%2Bwith%2Bbluetooth%26pd_rd_i%3DB09Y2LFTDK%26pd_rd_r%3D8d26f027-c9c4-4385-8889-678f27280678%26pd_rd_w%3DgHobG%26pd_rd_wg%3D8MGsw%26pf_rd_p%3Dc8697a08-4071-4b95-a6c6-18057bcdb898%26pf_rd_r%3DS15ZV1R519DS721BN3R1%26qid%3D1681416711%26sbo%3DRZvfv%252F%252FHxDF%252BO5021pAnSA%253D%253D%26sprefix%3Dhearing%2Baids%2Bwith%2Bbluetooth%252Caps%252C151%26sr%3D1-2-364cf978-ce2a-480a-9bb0-bdb96faa0f61-spons%26psc%3D1","","4.1 out of 5 stars"
"https://m.media-amazon.com/images/I/61I85BUmnhL._AC_UL400_.jpg","https://www.amazon.com/gp/slredirect/picassoRedirect.html/ref=pa_sp_search_thematic_aps_sr_pg1_3?ie=UTF8&adId=A03432222NB0R549KZ9YM&qualifier=1681416711&id=3250977270598134&widgetName=sp_search_thematic&url=%2FRechargeable-Cancelling-Earrck-Self-Fitting-Adjustable%2Fdp%2FB0BY8NZJKY%2Fref%3Dsxin_16_pa_sp_search_thematic_sspa%3Fcontent-id%3Damzn1.sym.c8697a08-4071-4b95-a6c6-18057bcdb898%253Aamzn1.sym.c8697a08-4071-4b95-a6c6-18057bcdb898%26crid%3D14JUS1ZG81IKF%26cv_ct_cx%3Dhearing%2Baids%2Bwith%2Bbluetooth%26keywords%3Dhearing%2Baids%2Bwith%2Bbluetooth%26pd_rd_i%3DB0BY8NZJKY%26pd_rd_r%3D8d26f027-c9c4-4385-8889-678f27280678%26pd_rd_w%3DgHobG%26pd_rd_wg%3D8MGsw%26pf_rd_p%3Dc8697a08-4071-4b95-a6c6-18057bcdb898%26pf_rd_r%3DS15ZV1R519DS721BN3R1%26qid%3D1681416711%26sbo%3DRZvfv%252F%252FHxDF%252BO5021pAnSA%253D%253D%26sprefix%3Dhearing%2Baids%2Bwith%2Bbluetooth%252Caps%252C151%26sr%3D1-3-364cf978-ce2a-480a-9bb0-bdb96faa0f61-spons%26psc%3D1","17","https://www.amazon.com/gp/slredirect/picassoRedirect.html/ref=pa_sp_search_thematic_aps_sr_pg1_3?ie=UTF8&adId=A03432222NB0R549KZ9YM&qualifier=1681416711&id=3250977270598134&widgetName=sp_search_thematic&url=%2FRechargeable-Cancelling-Earrck-Self-Fitting-Adjustable%2Fdp%2FB0BY8NZJKY%2Fref%3Dsxin_16_pa_sp_search_thematic_sspa%3Fcontent-id%3Damzn1.sym.c8697a08-4071-4b95-a6c6-18057bcdb898%253Aamzn1.sym.c8697a08-4071-4b95-a6c6-18057bcdb898%26crid%3D14JUS1ZG81IKF%26cv_ct_cx%3Dhearing%2Baids%2Bwith%2Bbluetooth%26keywords%3Dhearing%2Baids%2Bwith%2Bbluetooth%26pd_rd_i%3DB0BY8NZJKY%26pd_rd_r%3D8d26f027-c9c4-4385-8889-678f27280678%26pd_rd_w%3DgHobG%26pd_rd_wg%3D8MGsw%26pf_rd_p%3Dc8697a08-4071-4b95-a6c6-18057bcdb898%26pf_rd_r%3DS15ZV1R519DS721BN3R1%26qid%3D1681416711%26sbo%3DRZvfv%252F%252FHxDF%252BO5021pAnSA%253D%253D%26sprefix%3Dhearing%2Baids%2Bwith%2Bbluetooth%252Caps%252C151%26sr%3D1-3-364cf978-ce2a-480a-9bb0-bdb96faa0f61-spons%26psc%3D1#customerReviews","299.","https://www.amazon.com/gp/slredirect/picassoRedirect.html/ref=pa_sp_search_thematic_aps_sr_pg1_3?ie=UTF8&adId=A03432222NB0R549KZ9YM&qualifier=1681416711&id=3250977270598134&widgetName=sp_search_thematic&url=%2FRechargeable-Cancelling-Earrck-Self-Fitting-Adjustable%2Fdp%2FB0BY8NZJKY%2Fref%3Dsxin_16_pa_sp_search_thematic_sspa%3Fcontent-id%3Damzn1.sym.c8697a08-4071-4b95-a6c6-18057bcdb898%253Aamzn1.sym.c8697a08-4071-4b95-a6c6-18057bcdb898%26crid%3D14JUS1ZG81IKF%26cv_ct_cx%3Dhearing%2Baids%2Bwith%2Bbluetooth%26keywords%3Dhearing%2Baids%2Bwith%2Bbluetooth%26pd_rd_i%3DB0BY8NZJKY%26pd_rd_r%3D8d26f027-c9c4-4385-8889-678f27280678%26pd_rd_w%3DgHobG%26pd_rd_wg%3D8MGsw%26pf_rd_p%3Dc8697a08-4071-4b95-a6c6-18057bcdb898%26pf_rd_r%3DS15ZV1R519DS721BN3R1%26qid%3D1681416711%26sbo%3DRZvfv%252F%252FHxDF%252BO5021pAnSA%253D%253D%26sprefix%3Dhearing%2Baids%2Bwith%2Bbluetooth%252Caps%252C151%26sr%3D1-3-364cf978-ce2a-480a-9bb0-bdb96faa0f61-spons%26psc%3D1","Earrck",""
"https://m.media-amazon.com/images/I/51IaKONvoHL._AC_UL400_.jpg","https://www.amazon.com/gp/slredirect/picassoRedirect.html/ref=pa_sp_search_thematic_aps_sr_pg1_4?ie=UTF8&adId=A02877712SWCCB5HE5NLV&qualifier=1681416711&id=3250977270598134&widgetName=sp_search_thematic&url=%2FRechargeable-Earrck-Amplifier-Cancelling-Magnetic%2Fdp%2FB0BVBC5SPX%2Fref%3Dsxin_16_pa_sp_search_thematic_sspa%3Fcontent-id%3Damzn1.sym.c8697a08-4071-4b95-a6c6-18057bcdb898%253Aamzn1.sym.c8697a08-4071-4b95-a6c6-18057bcdb898%26crid%3D14JUS1ZG81IKF%26cv_ct_cx%3Dhearing%2Baids%2Bwith%2Bbluetooth%26keywords%3Dhearing%2Baids%2Bwith%2Bbluetooth%26pd_rd_i%3DB0BVBC5SPX%26pd_rd_r%3D8d26f027-c9c4-4385-8889-678f27280678%26pd_rd_w%3DgHobG%26pd_rd_wg%3D8MGsw%26pf_rd_p%3Dc8697a08-4071-4b95-a6c6-18057bcdb898%26pf_rd_r%3DS15ZV1R519DS721BN3R1%26qid%3D1681416711%26sbo%3DRZvfv%252F%252FHxDF%252BO5021pAnSA%253D%253D%26sprefix%3Dhearing%2Baids%2Bwith%2Bbluetooth%252Caps%252C151%26sr%3D1-4-364cf978-ce2a-480a-9bb0-bdb96faa0f61-spons%26psc%3D1","10","https://www.amazon.com/gp/slredirect/picassoRedirect.html/ref=pa_sp_search_thematic_aps_sr_pg1_4?ie=UTF8&adId=A02877712SWCCB5HE5NLV&qualifier=1681416711&id=3250977270598134&widgetName=sp_search_thematic&url=%2FRechargeable-Earrck-Amplifier-Cancelling-Magnetic%2Fdp%2FB0BVBC5SPX%2Fref%3Dsxin_16_pa_sp_search_thematic_sspa%3Fcontent-id%3Damzn1.sym.c8697a08-4071-4b95-a6c6-18057bcdb898%253Aamzn1.sym.c8697a08-4071-4b95-a6c6-18057bcdb898%26crid%3D14JUS1ZG81IKF%26cv_ct_cx%3Dhearing%2Baids%2Bwith%2Bbluetooth%26keywords%3Dhearing%2Baids%2Bwith%2Bbluetooth%26pd_rd_i%3DB0BVBC5SPX%26pd_rd_r%3D8d26f027-c9c4-4385-8889-678f27280678%26pd_rd_w%3DgHobG%26pd_rd_wg%3D8MGsw%26pf_rd_p%3Dc8697a08-4071-4b95-a6c6-18057bcdb898%26pf_rd_r%3DS15ZV1R519DS721BN3R1%26qid%3D1681416711%26sbo%3DRZvfv%252F%252FHxDF%252BO5021pAnSA%253D%253D%26sprefix%3Dhearing%2Baids%2Bwith%2Bbluetooth%252Caps%252C151%26sr%3D1-4-364cf978-ce2a-480a-9bb0-bdb96faa0f61-spons%26psc%3D1#customerReviews","199.","https://www.amazon.com/gp/slredirect/picassoRedirect.html/ref=pa_sp_search_thematic_aps_sr_pg1_4?ie=UTF8&adId=A02877712SWCCB5HE5NLV&qualifier=1681416711&id=3250977270598134&widgetName=sp_search_thematic&url=%2FRechargeable-Earrck-Amplifier-Cancelling-Magnetic%2Fdp%2FB0BVBC5SPX%2Fref%3Dsxin_16_pa_sp_search_thematic_sspa%3Fcontent-id%3Damzn1.sym.c8697a08-4071-4b95-a6c6-18057bcdb898%253Aamzn1.sym.c8697a08-4071-4b95-a6c6-18057bcdb898%26crid%3D14JUS1ZG81IKF%26cv_ct_cx%3Dhearing%2Baids%2Bwith%2Bbluetooth%26keywords%3Dhearing%2Baids%2Bwith%2Bbluetooth%26pd_rd_i%3DB0BVBC5SPX%26pd_rd_r%3D8d26f027-c9c4-4385-8889-678f27280678%26pd_rd_w%3DgHobG%26pd_rd_wg%3D8MGsw%26pf_rd_p%3Dc8697a08-4071-4b95-a6c6-18057bcdb898%26pf_rd_r%3DS15ZV1R519DS721BN3R1%26qid%3D1681416711%26sbo%3DRZvfv%252F%252FHxDF%252BO5021pAnSA%253D%253D%26sprefix%3Dhearing%2Baids%2Bwith%2Bbluetooth%252Caps%252C151%26sr%3D1-4-364cf978-ce2a-480a-9bb0-bdb96faa0f61-spons%26psc%3D1","Earrck",""
"https://m.media-amazon.com/images/I/51GqrCtw1kL._AC_UL400_.jpg","https://www.amazon.com/gp/slredirect/picassoRedirect.html/ref=pa_sp_search_thematic_aps_sr_pg1_5?ie=UTF8&adId=A0390409593LIWO4VSB8&qualifier=1681416711&id=3250977270598134&widgetName=sp_search_thematic&url=%2FCancellation-Delmicure-Rechargeable-Perfected-Ergonomics%25EF%25BC%258CDouble%2Fdp%2FB0BLKJH71L%2Fref%3Dsxin_16_pa_sp_search_thematic_sspa%3Fcontent-id%3Damzn1.sym.c8697a08-4071-4b95-a6c6-18057bcdb898%253Aamzn1.sym.c8697a08-4071-4b95-a6c6-18057bcdb898%26crid%3D14JUS1ZG81IKF%26cv_ct_cx%3Dhearing%2Baids%2Bwith%2Bbluetooth%26keywords%3Dhearing%2Baids%2Bwith%2Bbluetooth%26pd_rd_i%3DB0BLKJH71L%26pd_rd_r%3D8d26f027-c9c4-4385-8889-678f27280678%26pd_rd_w%3DgHobG%26pd_rd_wg%3D8MGsw%26pf_rd_p%3Dc8697a08-4071-4b95-a6c6-18057bcdb898%26pf_rd_r%3DS15ZV1R519DS721BN3R1%26qid%3D1681416711%26sbo%3DRZvfv%252F%252FHxDF%252BO5021pAnSA%253D%253D%26sprefix%3Dhearing%2Baids%2Bwith%2Bbluetooth%252Caps%252C151%26sr%3D1-5-364cf978-ce2a-480a-9bb0-bdb96faa0f61-spons%26psc%3D1","55","https://www.amazon.com/gp/slredirect/picassoRedirect.html/ref=pa_sp_search_thematic_aps_sr_pg1_5?ie=UTF8&adId=A0390409593LIWO4VSB8&qualifier=1681416711&id=3250977270598134&widgetName=sp_search_thematic&url=%2FCancellation-Delmicure-Rechargeable-Perfected-Ergonomics%25EF%25BC%258CDouble%2Fdp%2FB0BLKJH71L%2Fref%3Dsxin_16_pa_sp_search_thematic_sspa%3Fcontent-id%3Damzn1.sym.c8697a08-4071-4b95-a6c6-18057bcdb898%253Aamzn1.sym.c8697a08-4071-4b95-a6c6-18057bcdb898%26crid%3D14JUS1ZG81IKF%26cv_ct_cx%3Dhearing%2Baids%2Bwith%2Bbluetooth%26keywords%3Dhearing%2Baids%2Bwith%2Bbluetooth%26pd_rd_i%3DB0BLKJH71L%26pd_rd_r%3D8d26f027-c9c4-4385-8889-678f27280678%26pd_rd_w%3DgHobG%26pd_rd_wg%3D8MGsw%26pf_rd_p%3Dc8697a08-4071-4b95-a6c6-18057bcdb898%26pf_rd_r%3DS15ZV1R519DS721BN3R1%26qid%3D1681416711%26sbo%3DRZvfv%252F%252FHxDF%252BO5021pAnSA%253D%253D%26sprefix%3Dhearing%2Baids%2Bwith%2Bbluetooth%252Caps%252C151%26sr%3D1-5-364cf978-ce2a-480a-9bb0-bdb96faa0f61-spons%26psc%3D1#customerReviews","169.","https://www.amazon.com/gp/slredirect/picassoRedirect.html/ref=pa_sp_search_thematic_aps_sr_pg1_5?ie=UTF8&adId=A0390409593LIWO4VSB8&qualifier=1681416711&id=3250977270598134&widgetName=sp_search_thematic&url=%2FCancellation-Delmicure-Rechargeable-Perfected-Ergonomics%25EF%25BC%258CDouble%2Fdp%2FB0BLKJH71L%2Fref%3Dsxin_16_pa_sp_search_thematic_sspa%3Fcontent-id%3Damzn1.sym.c8697a08-4071-4b95-a6c6-18057bcdb898%253Aamzn1.sym.c8697a08-4071-4b95-a6c6-18057bcdb898%26crid%3D14JUS1ZG81IKF%26cv_ct_cx%3Dhearing%2Baids%2Bwith%2Bbluetooth%26keywords%3Dhearing%2Baids%2Bwith%2Bbluetooth%26pd_rd_i%3DB0BLKJH71L%26pd_rd_r%3D8d26f027-c9c4-4385-8889-678f27280678%26pd_rd_w%3DgHobG%26pd_rd_wg%3D8MGsw%26pf_rd_p%3Dc8697a08-4071-4b95-a6c6-18057bcdb898%26pf_rd_r%3DS15ZV1R519DS721BN3R1%26qid%3D1681416711%26sbo%3DRZvfv%252F%252FHxDF%252BO5021pAnSA%253D%253D%26sprefix%3Dhearing%2Baids%2Bwith%2Bbluetooth%252Caps%252C151%26sr%3D1-5-364cf978-ce2a-480a-9bb0-bdb96faa0f61-spons%26psc%3D1","Delmicure","4.1 out of 5 stars"
"https://m.media-amazon.com/images/I/71Cq0QLdhrL._AC_UL400_.jpg","https://www.amazon.com/HearHawk-Bluetooth-Hearing-Rechargeable-Amplifier/dp/B0BM4Q77HG/ref=sr_1_8?crid=14JUS1ZG81IKF&keywords=hearing+aids+with+bluetooth&qid=1681416711&sprefix=hearing+aids+with+bluetooth%2Caps%2C151&sr=8-8","30","https://www.amazon.com/HearHawk-Bluetooth-Hearing-Rechargeable-Amplifier/dp/B0BM4Q77HG/ref=sr_1_8?crid=14JUS1ZG81IKF&keywords=hearing+aids+with+bluetooth&qid=1681416711&sprefix=hearing+aids+with+bluetooth%2Caps%2C151&sr=8-8#customerReviews","159.","https://www.amazon.com/HearHawk-Bluetooth-Hearing-Rechargeable-Amplifier/dp/B0BM4Q77HG/ref=sr_1_8?crid=14JUS1ZG81IKF&keywords=hearing+aids+with+bluetooth&qid=1681416711&sprefix=hearing+aids+with+bluetooth%2Caps%2C151&sr=8-8","HearHawk",""
"https://m.media-amazon.com/images/I/71KL7YNyK9L._AC_UL400_.jpg","https://www.amazon.com/ARPTUR-Bluetooth-Rechargeable-Cancelling-Hand-free/dp/B0BX4HY1G1/ref=sr_1_9?crid=14JUS1ZG81IKF&keywords=hearing+aids+with+bluetooth&qid=1681416711&sprefix=hearing+aids+with+bluetooth%2Caps%2C151&sr=8-9","3","https://www.amazon.com/ARPTUR-Bluetooth-Rechargeable-Cancelling-Hand-free/dp/B0BX4HY1G1/ref=sr_1_9?crid=14JUS1ZG81IKF&keywords=hearing+aids+with+bluetooth&qid=1681416711&sprefix=hearing+aids+with+bluetooth%2Caps%2C151&sr=8-9#customerReviews","239.","https://www.amazon.com/ARPTUR-Bluetooth-Rechargeable-Cancelling-Hand-free/dp/B0BX4HY1G1/ref=sr_1_9?crid=14JUS1ZG81IKF&keywords=hearing+aids+with+bluetooth&qid=1681416711&sprefix=hearing+aids+with+bluetooth%2Caps%2C151&sr=8-9","ARPTUR",""
"https://m.media-amazon.com/images/I/61QM6x0cTFL._AC_UL400_.jpg","https://www.amazon.com/Bluetooth-Rechargeable-Cancelling-Receiver-Listening/dp/B0BZ7MYZPN/ref=sr_1_10?crid=14JUS1ZG81IKF&keywords=hearing+aids+with+bluetooth&qid=1681416711&sprefix=hearing+aids+with+bluetooth%2Caps%2C151&sr=8-10","65","https://www.amazon.com/Bluetooth-Rechargeable-Cancelling-Receiver-Listening/dp/B0BZ7MYZPN/ref=sr_1_10?crid=14JUS1ZG81IKF&keywords=hearing+aids+with+bluetooth&qid=1681416711&sprefix=hearing+aids+with+bluetooth%2Caps%2C151&sr=8-10#customerReviews","299.","https://www.amazon.com/Bluetooth-Rechargeable-Cancelling-Receiver-Listening/dp/B0BZ7MYZPN/ref=sr_1_10?crid=14JUS1ZG81IKF&keywords=hearing+aids+with+bluetooth&qid=1681416711&sprefix=hearing+aids+with+bluetooth%2Caps%2C151&sr=8-10","ARPTUR",""
"https://m.media-amazon.com/images/I/61gFGAiXqhL._AC_UL400_.jpg","https://www.amazon.com/gp/slredirect/picassoRedirect.html/ref=pa_sp_mtf_aps_sr_pg1_1?ie=UTF8&adId=A03632411PUQEHSHXMTHJ&qualifier=1681416711&id=1927619628156205&widgetName=sp_mtf&url=%2FLexie-Hearing-Aids-Powered-Bluetooth-enabled%2Fdp%2FB0BHHJWPH7%2Fref%3Dsr_1_11_sspa%3Fcrid%3D14JUS1ZG81IKF%26keywords%3Dhearing%2Baids%2Bwith%2Bbluetooth%26qid%3D1681416711%26sprefix%3Dhearing%2Baids%2Bwith%2Bbluetooth%252Caps%252C151%26sr%3D8-11-spons%26psc%3D1","107","https://www.amazon.com/gp/slredirect/picassoRedirect.html/ref=pa_sp_mtf_aps_sr_pg1_1?ie=UTF8&adId=A03632411PUQEHSHXMTHJ&qualifier=1681416711&id=1927619628156205&widgetName=sp_mtf&url=%2FLexie-Hearing-Aids-Powered-Bluetooth-enabled%2Fdp%2FB0BHHJWPH7%2Fref%3Dsr_1_11_sspa%3Fcrid%3D14JUS1ZG81IKF%26keywords%3Dhearing%2Baids%2Bwith%2Bbluetooth%26qid%3D1681416711%26sprefix%3Dhearing%2Baids%2Bwith%2Bbluetooth%252Caps%252C151%26sr%3D8-11-spons%26psc%3D1#customerReviews","849.","https://www.amazon.com/gp/slredirect/picassoRedirect.html/ref=pa_sp_mtf_aps_sr_pg1_1?ie=UTF8&adId=A03632411PUQEHSHXMTHJ&qualifier=1681416711&id=1927619628156205&widgetName=sp_mtf&url=%2FLexie-Hearing-Aids-Powered-Bluetooth-enabled%2Fdp%2FB0BHHJWPH7%2Fref%3Dsr_1_11_sspa%3Fcrid%3D14JUS1ZG81IKF%26keywords%3Dhearing%2Baids%2Bwith%2Bbluetooth%26qid%3D1681416711%26sprefix%3Dhearing%2Baids%2Bwith%2Bbluetooth%252Caps%252C151%26sr%3D8-11-spons%26psc%3D1","Lexie","3.9 out of 5 stars"
"https://m.media-amazon.com/images/I/71BvuSXT2NL._AC_UL400_.jpg","https://www.amazon.com/gp/slredirect/picassoRedirect.html/ref=pa_sp_mtf_aps_sr_pg1_1?ie=UTF8&adId=A0952232OC88LOVXPN1Q&qualifier=1681416711&id=1927619628156205&widgetName=sp_mtf&url=%2FDiGGiNGSOUND-Rechargeable-Cancelling-Bluetooth-Amplifier%2Fdp%2FB0BPM1MMDW%2Fref%3Dsr_1_12_sspa%3Fcrid%3D14JUS1ZG81IKF%26keywords%3Dhearing%2Baids%2Bwith%2Bbluetooth%26qid%3D1681416711%26sprefix%3Dhearing%2Baids%2Bwith%2Bbluetooth%252Caps%252C151%26sr%3D8-12-spons%26psc%3D1","43","https://www.amazon.com/gp/slredirect/picassoRedirect.html/ref=pa_sp_mtf_aps_sr_pg1_1?ie=UTF8&adId=A0952232OC88LOVXPN1Q&qualifier=1681416711&id=1927619628156205&widgetName=sp_mtf&url=%2FDiGGiNGSOUND-Rechargeable-Cancelling-Bluetooth-Amplifier%2Fdp%2FB0BPM1MMDW%2Fref%3Dsr_1_12_sspa%3Fcrid%3D14JUS1ZG81IKF%26keywords%3Dhearing%2Baids%2Bwith%2Bbluetooth%26qid%3D1681416711%26sprefix%3Dhearing%2Baids%2Bwith%2Bbluetooth%252Caps%252C151%26sr%3D8-12-spons%26psc%3D1#customerReviews","149.","https://www.amazon.com/gp/slredirect/picassoRedirect.html/ref=pa_sp_mtf_aps_sr_pg1_1?ie=UTF8&adId=A0952232OC88LOVXPN1Q&qualifier=1681416711&id=1927619628156205&widgetName=sp_mtf&url=%2FDiGGiNGSOUND-Rechargeable-Cancelling-Bluetooth-Amplifier%2Fdp%2FB0BPM1MMDW%2Fref%3Dsr_1_12_sspa%3Fcrid%3D14JUS1ZG81IKF%26keywords%3Dhearing%2Baids%2Bwith%2Bbluetooth%26qid%3D1681416711%26sprefix%3Dhearing%2Baids%2Bwith%2Bbluetooth%252Caps%252C151%26sr%3D8-12-spons%26psc%3D1","DiGGiNGSOUND",""
"https://m.media-amazon.com/images/I/51GqrCtw1kL._AC_UL400_.jpg","https://www.amazon.com/gp/slredirect/picassoRedirect.html/ref=pa_sp_mtf_aps_sr_pg1_1?ie=UTF8&adId=A0390409593LIWO4VSB8&qualifier=1681416711&id=1927619628156205&widgetName=sp_mtf&url=%2FCancellation-Delmicure-Rechargeable-Perfected-Ergonomics%25EF%25BC%258CDouble%2Fdp%2FB0BLKJH71L%2Fref%3Dsr_1_13_sspa%3Fcrid%3D14JUS1ZG81IKF%26keywords%3Dhearing%2Baids%2Bwith%2Bbluetooth%26qid%3D1681416711%26sprefix%3Dhearing%2Baids%2Bwith%2Bbluetooth%252Caps%252C151%26sr%3D8-13-spons%26psc%3D1","55","https://www.amazon.com/gp/slredirect/picassoRedirect.html/ref=pa_sp_mtf_aps_sr_pg1_1?ie=UTF8&adId=A0390409593LIWO4VSB8&qualifier=1681416711&id=1927619628156205&widgetName=sp_mtf&url=%2FCancellation-Delmicure-Rechargeable-Perfected-Ergonomics%25EF%25BC%258CDouble%2Fdp%2FB0BLKJH71L%2Fref%3Dsr_1_13_sspa%3Fcrid%3D14JUS1ZG81IKF%26keywords%3Dhearing%2Baids%2Bwith%2Bbluetooth%26qid%3D1681416711%26sprefix%3Dhearing%2Baids%2Bwith%2Bbluetooth%252Caps%252C151%26sr%3D8-13-spons%26psc%3D1#customerReviews","169.","https://www.amazon.com/gp/slredirect/picassoRedirect.html/ref=pa_sp_mtf_aps_sr_pg1_1?ie=UTF8&adId=A0390409593LIWO4VSB8&qualifier=1681416711&id=1927619628156205&widgetName=sp_mtf&url=%2FCancellation-Delmicure-Rechargeable-Perfected-Ergonomics%25EF%25BC%258CDouble%2Fdp%2FB0BLKJH71L%2Fref%3Dsr_1_13_sspa%3Fcrid%3D14JUS1ZG81IKF%26keywords%3Dhearing%2Baids%2Bwith%2Bbluetooth%26qid%3D1681416711%26sprefix%3Dhearing%2Baids%2Bwith%2Bbluetooth%252Caps%252C151%26sr%3D8-13-spons%26psc%3D1","Delmicure","4.1 out of 5 stars"
"https://m.media-amazon.com/images/I/51Vy4vbz9WL._AC_UL400_.jpg","https://www.amazon.com/gp/slredirect/picassoRedirect.html/ref=pa_sp_mtf_aps_sr_pg1_1?ie=UTF8&adId=A00793902SI3ER5NN2ZUV&qualifier=1681416711&id=1927619628156205&widgetName=sp_mtf&url=%2FBluetooth-Rechargeable-Amplifiers-Reduction-Cancelling%2Fdp%2FB09YLP1131%2Fref%3Dsr_1_14_sspa%3Fcrid%3D14JUS1ZG81IKF%26keywords%3Dhearing%2Baids%2Bwith%2Bbluetooth%26qid%3D1681416711%26sprefix%3Dhearing%2Baids%2Bwith%2Bbluetooth%252Caps%252C151%26sr%3D8-14-spons%26psc%3D1","247","https://www.amazon.com/gp/slredirect/picassoRedirect.html/ref=pa_sp_mtf_aps_sr_pg1_1?ie=UTF8&adId=A00793902SI3ER5NN2ZUV&qualifier=1681416711&id=1927619628156205&widgetName=sp_mtf&url=%2FBluetooth-Rechargeable-Amplifiers-Reduction-Cancelling%2Fdp%2FB09YLP1131%2Fref%3Dsr_1_14_sspa%3Fcrid%3D14JUS1ZG81IKF%26keywords%3Dhearing%2Baids%2Bwith%2Bbluetooth%26qid%3D1681416711%26sprefix%3Dhearing%2Baids%2Bwith%2Bbluetooth%252Caps%252C151%26sr%3D8-14-spons%26psc%3D1#customerReviews","149.","https://www.amazon.com/gp/slredirect/picassoRedirect.html/ref=pa_sp_mtf_aps_sr_pg1_1?ie=UTF8&adId=A00793902SI3ER5NN2ZUV&qualifier=1681416711&id=1927619628156205&widgetName=sp_mtf&url=%2FBluetooth-Rechargeable-Amplifiers-Reduction-Cancelling%2Fdp%2FB09YLP1131%2Fref%3Dsr_1_14_sspa%3Fcrid%3D14JUS1ZG81IKF%26keywords%3Dhearing%2Baids%2Bwith%2Bbluetooth%26qid%3D1681416711%26sprefix%3Dhearing%2Baids%2Bwith%2Bbluetooth%252Caps%252C151%26sr%3D8-14-spons%26psc%3D1","Maihear","3.8 out of 5 stars"
"https://m.media-amazon.com/images/I/613jiay2f0L._AC_UL400_.jpg","https://www.amazon.com/Programmable-Cancellation-Bluetooth-Channels-Processor/dp/B09Y2LFTDK/ref=sr_1_15?crid=14JUS1ZG81IKF&keywords=hearing+aids+with+bluetooth&qid=1681416711&sprefix=hearing+aids+with+bluetooth%2Caps%2C151&sr=8-15","109","https://www.amazon.com/Programmable-Cancellation-Bluetooth-Channels-Processor/dp/B09Y2LFTDK/ref=sr_1_15?crid=14JUS1ZG81IKF&keywords=hearing+aids+with+bluetooth&qid=1681416711&sprefix=hearing+aids+with+bluetooth%2Caps%2C151&sr=8-15#customerReviews","799.","https://www.amazon.com/Programmable-Cancellation-Bluetooth-Channels-Processor/dp/B09Y2LFTDK/ref=sr_1_15?crid=14JUS1ZG81IKF&keywords=hearing+aids+with+bluetooth&qid=1681416711&sprefix=hearing+aids+with+bluetooth%2Caps%2C151&sr=8-15","","4.1 out of 5 stars"
"https://m.media-amazon.com/images/I/61gFGAiXqhL._AC_UL400_.jpg","https://www.amazon.com/Lexie-Hearing-Aids-Powered-Bluetooth-enabled/dp/B0BHHJWPH7/ref=sr_1_16?crid=14JUS1ZG81IKF&keywords=hearing+aids+with+bluetooth&qid=1681416711&sprefix=hearing+aids+with+bluetooth%2Caps%2C151&sr=8-16","107","https://www.amazon.com/Lexie-Hearing-Aids-Powered-Bluetooth-enabled/dp/B0BHHJWPH7/ref=sr_1_16?crid=14JUS1ZG81IKF&keywords=hearing+aids+with+bluetooth&qid=1681416711&sprefix=hearing+aids+with+bluetooth%2Caps%2C151&sr=8-16#customerReviews","849.","https://www.amazon.com/Lexie-Hearing-Aids-Powered-Bluetooth-enabled/dp/B0BHHJWPH7/ref=sr_1_16?crid=14JUS1ZG81IKF&keywords=hearing+aids+with+bluetooth&qid=1681416711&sprefix=hearing+aids+with+bluetooth%2Caps%2C151&sr=8-16","Lexie","3.9 out of 5 stars"
"https://m.media-amazon.com/images/I/51Vy4vbz9WL._AC_UL400_.jpg","https://www.amazon.com/Bluetooth-Rechargeable-Amplifiers-Reduction-Cancelling/dp/B09YLP1131/ref=sr_1_17?crid=14JUS1ZG81IKF&keywords=hearing+aids+with+bluetooth&qid=1681416711&sprefix=hearing+aids+with+bluetooth%2Caps%2C151&sr=8-17","247","https://www.amazon.com/Bluetooth-Rechargeable-Amplifiers-Reduction-Cancelling/dp/B09YLP1131/ref=sr_1_17?crid=14JUS1ZG81IKF&keywords=hearing+aids+with+bluetooth&qid=1681416711&sprefix=hearing+aids+with+bluetooth%2Caps%2C151&sr=8-17#customerReviews","149.","https://www.amazon.com/Bluetooth-Rechargeable-Amplifiers-Reduction-Cancelling/dp/B09YLP1131/ref=sr_1_17?crid=14JUS1ZG81IKF&keywords=hearing+aids+with+bluetooth&qid=1681416711&sprefix=hearing+aids+with+bluetooth%2Caps%2C151&sr=8-17","Maihear","3.8 out of 5 stars"
"https://m.media-amazon.com/images/I/51utG60rQvL._AC_UL400_.jpg","https://www.amazon.com/Bluetooth-Rechargeable-Amplifier-Cancelling-bluetooth/dp/B0BVMLTPDP/ref=sr_1_18?crid=14JUS1ZG81IKF&keywords=hearing+aids+with+bluetooth&qid=1681416711&sprefix=hearing+aids+with+bluetooth%2Caps%2C151&sr=8-18","2","https://www.amazon.com/Bluetooth-Rechargeable-Amplifier-Cancelling-bluetooth/dp/B0BVMLTPDP/ref=sr_1_18?crid=14JUS1ZG81IKF&keywords=hearing+aids+with+bluetooth&qid=1681416711&sprefix=hearing+aids+with+bluetooth%2Caps%2C151&sr=8-18#customerReviews","79.","https://www.amazon.com/Bluetooth-Rechargeable-Amplifier-Cancelling-bluetooth/dp/B0BVMLTPDP/ref=sr_1_18?crid=14JUS1ZG81IKF&keywords=hearing+aids+with+bluetooth&qid=1681416711&sprefix=hearing+aids+with+bluetooth%2Caps%2C151&sr=8-18","",""
"https://m.media-amazon.com/images/I/613jiay2f0L._AC_UL400_.jpg","https://www.amazon.com/gp/slredirect/picassoRedirect.html/ref=pa_sp_mtf_aps_sr_pg1_1?ie=UTF8&adId=A0610602MYVXI52LXSCC&qualifier=1681416711&id=1927619628156205&widgetName=sp_mtf&url=%2FProgrammable-Cancellation-Bluetooth-Channels-Processor%2Fdp%2FB09Y2LFTDK%2Fref%3Dsr_1_19_sspa%3Fcrid%3D14JUS1ZG81IKF%26keywords%3Dhearing%2Baids%2Bwith%2Bbluetooth%26qid%3D1681416711%26sprefix%3Dhearing%2Baids%2Bwith%2Bbluetooth%252Caps%252C151%26sr%3D8-19-spons%26psc%3D1","109","https://www.amazon.com/gp/slredirect/picassoRedirect.html/ref=pa_sp_mtf_aps_sr_pg1_1?ie=UTF8&adId=A0610602MYVXI52LXSCC&qualifier=1681416711&id=1927619628156205&widgetName=sp_mtf&url=%2FProgrammable-Cancellation-Bluetooth-Channels-Processor%2Fdp%2FB09Y2LFTDK%2Fref%3Dsr_1_19_sspa%3Fcrid%3D14JUS1ZG81IKF%26keywords%3Dhearing%2Baids%2Bwith%2Bbluetooth%26qid%3D1681416711%26sprefix%3Dhearing%2Baids%2Bwith%2Bbluetooth%252Caps%252C151%26sr%3D8-19-spons%26psc%3D1#customerReviews","799.","https://www.amazon.com/gp/slredirect/picassoRedirect.html/ref=pa_sp_mtf_aps_sr_pg1_1?ie=UTF8&adId=A0610602MYVXI52LXSCC&qualifier=1681416711&id=1927619628156205&widgetName=sp_mtf&url=%2FProgrammable-Cancellation-Bluetooth-Channels-Processor%2Fdp%2FB09Y2LFTDK%2Fref%3Dsr_1_19_sspa%3Fcrid%3D14JUS1ZG81IKF%26keywords%3Dhearing%2Baids%2Bwith%2Bbluetooth%26qid%3D1681416711%26sprefix%3Dhearing%2Baids%2Bwith%2Bbluetooth%252Caps%252C151%26sr%3D8-19-spons%26psc%3D1","","4.1 out of 5 stars"
"","https://www.amazon.com/gp/slredirect/picassoRedirect.html/ref=pa_sp_mtf_aps_sr_pg1_1?ie=UTF8&adId=A07317043OBEA3JA3N7HW&qualifier=1681416711&id=1927619628156205&widgetName=sp_mtf&url=%2FSound-World-Solutions-Rechargeable-Cancellation%2Fdp%2FB0B75YCHZ1%2Fref%3Dsr_1_20_sspa%3Fcrid%3D14JUS1ZG81IKF%26keywords%3Dhearing%2Baids%2Bwith%2Bbluetooth%26qid%3D1681416711%26sprefix%3Dhearing%2Baids%2Bwith%2Bbluetooth%252Caps%252C151%26sr%3D8-20-spons%26psc%3D1","","","400.","https://www.amazon.com/gp/slredirect/picassoRedirect.html/ref=pa_sp_mtf_aps_sr_pg1_1?ie=UTF8&adId=A07317043OBEA3JA3N7HW&qualifier=1681416711&id=1927619628156205&widgetName=sp_mtf&url=%2FSound-World-Solutions-Rechargeable-Cancellation%2Fdp%2FB0B75YCHZ1%2Fref%3Dsr_1_20_sspa%3Fcrid%3D14JUS1ZG81IKF%26keywords%3Dhearing%2Baids%2Bwith%2Bbluetooth%26qid%3D1681416711%26sprefix%3Dhearing%2Baids%2Bwith%2Bbluetooth%252Caps%252C151%26sr%3D8-20-spons%26psc%3D1","Sound World Solutions",""
"https://m.media-amazon.com/images/I/515CLJai+SL._AC_UL400_.jpg","https://www.amazon.com/gp/slredirect/picassoRedirect.html/ref=pa_sp_mtf_aps_sr_pg1_1?ie=UTF8&adId=A056940619U91VB4MC9ZY&qualifier=1681416711&id=1927619628156205&widgetName=sp_mtf&url=%2FBluetooth-Rechargeable-Cancelling-CHUXIN-GREAT%2Fdp%2FB0BHPQZLK7%2Fref%3Dsr_1_21_sspa%3Fcrid%3D14JUS1ZG81IKF%26keywords%3Dhearing%2Baids%2Bwith%2Bbluetooth%26qid%3D1681416711%26sprefix%3Dhearing%2Baids%2Bwith%2Bbluetooth%252Caps%252C151%26sr%3D8-21-spons%26psc%3D1","13","https://www.amazon.com/gp/slredirect/picassoRedirect.html/ref=pa_sp_mtf_aps_sr_pg1_1?ie=UTF8&adId=A056940619U91VB4MC9ZY&qualifier=1681416711&id=1927619628156205&widgetName=sp_mtf&url=%2FBluetooth-Rechargeable-Cancelling-CHUXIN-GREAT%2Fdp%2FB0BHPQZLK7%2Fref%3Dsr_1_21_sspa%3Fcrid%3D14JUS1ZG81IKF%26keywords%3Dhearing%2Baids%2Bwith%2Bbluetooth%26qid%3D1681416711%26sprefix%3Dhearing%2Baids%2Bwith%2Bbluetooth%252Caps%252C151%26sr%3D8-21-spons%26psc%3D1#customerReviews","199.","https://www.amazon.com/gp/slredirect/picassoRedirect.html/ref=pa_sp_mtf_aps_sr_pg1_1?ie=UTF8&adId=A056940619U91VB4MC9ZY&qualifier=1681416711&id=1927619628156205&widgetName=sp_mtf&url=%2FBluetooth-Rechargeable-Cancelling-CHUXIN-GREAT%2Fdp%2FB0BHPQZLK7%2Fref%3Dsr_1_21_sspa%3Fcrid%3D14JUS1ZG81IKF%26keywords%3Dhearing%2Baids%2Bwith%2Bbluetooth%26qid%3D1681416711%26sprefix%3Dhearing%2Baids%2Bwith%2Bbluetooth%252Caps%252C151%26sr%3D8-21-spons%26psc%3D1","CHUXIN GREAT",""
"https://m.media-amazon.com/images/I/61bUFQT1+aL._AC_UL400_.jpg","https://www.amazon.com/gp/slredirect/picassoRedirect.html/ref=pa_sp_mtf_aps_sr_pg1_1?ie=UTF8&adId=A0139997XG568W1P9XMU&qualifier=1681416711&id=1927619628156205&widgetName=sp_mtf&url=%2FBluetooth-Amplifier-Personal-Enhancer-Cancelling%2Fdp%2FB09TKCV4V7%2Fref%3Dsr_1_22_sspa%3Fcrid%3D14JUS1ZG81IKF%26keywords%3Dhearing%2Baids%2Bwith%2Bbluetooth%26qid%3D1681416711%26sprefix%3Dhearing%2Baids%2Bwith%2Bbluetooth%252Caps%252C151%26sr%3D8-22-spons%26psc%3D1","4","https://www.amazon.com/gp/slredirect/picassoRedirect.html/ref=pa_sp_mtf_aps_sr_pg1_1?ie=UTF8&adId=A0139997XG568W1P9XMU&qualifier=1681416711&id=1927619628156205&widgetName=sp_mtf&url=%2FBluetooth-Amplifier-Personal-Enhancer-Cancelling%2Fdp%2FB09TKCV4V7%2Fref%3Dsr_1_22_sspa%3Fcrid%3D14JUS1ZG81IKF%26keywords%3Dhearing%2Baids%2Bwith%2Bbluetooth%26qid%3D1681416711%26sprefix%3Dhearing%2Baids%2Bwith%2Bbluetooth%252Caps%252C151%26sr%3D8-22-spons%26psc%3D1#customerReviews","149.","https://www.amazon.com/gp/slredirect/picassoRedirect.html/ref=pa_sp_mtf_aps_sr_pg1_1?ie=UTF8&adId=A0139997XG568W1P9XMU&qualifier=1681416711&id=1927619628156205&widgetName=sp_mtf&url=%2FBluetooth-Amplifier-Personal-Enhancer-Cancelling%2Fdp%2FB09TKCV4V7%2Fref%3Dsr_1_22_sspa%3Fcrid%3D14JUS1ZG81IKF%26keywords%3Dhearing%2Baids%2Bwith%2Bbluetooth%26qid%3D1681416711%26sprefix%3Dhearing%2Baids%2Bwith%2Bbluetooth%252Caps%252C151%26sr%3D8-22-spons%26psc%3D1","",""
"https://m.media-amazon.com/images/I/619q7-8yF6L._AC_UL400_.jpg","https://www.amazon.com/BSLLTER-Bluetooth-Rechargeable-Cancelling-Personalized/dp/B0BSBCSY2C/ref=sr_1_23?crid=14JUS1ZG81IKF&keywords=hearing+aids+with+bluetooth&qid=1681416711&sprefix=hearing+aids+with+bluetooth%2Caps%2C151&sr=8-23","10","https://www.amazon.com/BSLLTER-Bluetooth-Rechargeable-Cancelling-Personalized/dp/B0BSBCSY2C/ref=sr_1_23?crid=14JUS1ZG81IKF&keywords=hearing+aids+with+bluetooth&qid=1681416711&sprefix=hearing+aids+with+bluetooth%2Caps%2C151&sr=8-23#customerReviews","298.","https://www.amazon.com/BSLLTER-Bluetooth-Rechargeable-Cancelling-Personalized/dp/B0BSBCSY2C/ref=sr_1_23?crid=14JUS1ZG81IKF&keywords=hearing+aids+with+bluetooth&qid=1681416711&sprefix=hearing+aids+with+bluetooth%2Caps%2C151&sr=8-23","BSLLTER",""
"https://m.media-amazon.com/images/I/51WecbdrrXL._AC_UL400_.jpg","https://www.amazon.com/Bluetooth-Rechargeable-Amplifiers-Reduction-Cancelling/dp/B0BD6TS9VB/ref=sr_1_24?crid=14JUS1ZG81IKF&keywords=hearing+aids+with+bluetooth&qid=1681416711&sprefix=hearing+aids+with+bluetooth%2Caps%2C151&sr=8-24","67","https://www.amazon.com/Bluetooth-Rechargeable-Amplifiers-Reduction-Cancelling/dp/B0BD6TS9VB/ref=sr_1_24?crid=14JUS1ZG81IKF&keywords=hearing+aids+with+bluetooth&qid=1681416711&sprefix=hearing+aids+with+bluetooth%2Caps%2C151&sr=8-24#customerReviews","99.","https://www.amazon.com/Bluetooth-Rechargeable-Amplifiers-Reduction-Cancelling/dp/B0BD6TS9VB/ref=sr_1_24?crid=14JUS1ZG81IKF&keywords=hearing+aids+with+bluetooth&qid=1681416711&sprefix=hearing+aids+with+bluetooth%2Caps%2C151&sr=8-24","Maihear","3.9 out of 5 stars"
"https://m.media-amazon.com/images/I/61uqFMLKD7L._AC_UL400_.jpg","https://www.amazon.com/LINNER-Bluetooth-Canceling-Wireless-Microphone/dp/B0BV72M2G9/ref=sr_1_25?crid=14JUS1ZG81IKF&keywords=hearing+aids+with+bluetooth&qid=1681416711&sprefix=hearing+aids+with+bluetooth%2Caps%2C151&sr=8-25","7","https://www.amazon.com/LINNER-Bluetooth-Canceling-Wireless-Microphone/dp/B0BV72M2G9/ref=sr_1_25?crid=14JUS1ZG81IKF&keywords=hearing+aids+with+bluetooth&qid=1681416711&sprefix=hearing+aids+with+bluetooth%2Caps%2C151&sr=8-25#customerReviews","299.","https://www.amazon.com/LINNER-Bluetooth-Canceling-Wireless-Microphone/dp/B0BV72M2G9/ref=sr_1_25?crid=14JUS1ZG81IKF&keywords=hearing+aids+with+bluetooth&qid=1681416711&sprefix=hearing+aids+with+bluetooth%2Caps%2C151&sr=8-25","LINNER",""
"https://m.media-amazon.com/images/I/41Qm77foXbL._AC_UL400_.jpg","https://www.amazon.com/Mirasing-Bluetooth-Amplifier-Programmable-Cancelling/dp/B0BCPJQSGG/ref=sr_1_26?crid=14JUS1ZG81IKF&keywords=hearing+aids+with+bluetooth&qid=1681416711&sprefix=hearing+aids+with+bluetooth%2Caps%2C151&sr=8-26","27","https://www.amazon.com/Mirasing-Bluetooth-Amplifier-Programmable-Cancelling/dp/B0BCPJQSGG/ref=sr_1_26?crid=14JUS1ZG81IKF&keywords=hearing+aids+with+bluetooth&qid=1681416711&sprefix=hearing+aids+with+bluetooth%2Caps%2C151&sr=8-26#customerReviews","62.","https://www.amazon.com/Mirasing-Bluetooth-Amplifier-Programmable-Cancelling/dp/B0BCPJQSGG/ref=sr_1_26?crid=14JUS1ZG81IKF&keywords=hearing+aids+with+bluetooth&qid=1681416711&sprefix=hearing+aids+with+bluetooth%2Caps%2C151&sr=8-26","Mirasing",""
"","https://www.amazon.com/Rechargeable-Canceling-Bluetooth-Amplifiers-Invisible/dp/B0BPLYQGBV/ref=sr_1_27?crid=14JUS1ZG81IKF&keywords=hearing+aids+with+bluetooth&qid=1681416711&sprefix=hearing+aids+with+bluetooth%2Caps%2C151&sr=8-27","18","https://www.amazon.com/Rechargeable-Canceling-Bluetooth-Amplifiers-Invisible/dp/B0BPLYQGBV/ref=sr_1_27?crid=14JUS1ZG81IKF&keywords=hearing+aids+with+bluetooth&qid=1681416711&sprefix=hearing+aids+with+bluetooth%2Caps%2C151&sr=8-27#customerReviews","199.","https://www.amazon.com/Rechargeable-Canceling-Bluetooth-Amplifiers-Invisible/dp/B0BPLYQGBV/ref=sr_1_27?crid=14JUS1ZG81IKF&keywords=hearing+aids+with+bluetooth&qid=1681416711&sprefix=hearing+aids+with+bluetooth%2Caps%2C151&sr=8-27","LUXATO","4.0 out of 5 stars"
"https://m.media-amazon.com/images/I/61-6jRSHjnL._AC_UL400_.jpg","https://www.amazon.com/Bluetooth-Rechargeable-Cancelling-Elimination-Amplifier/dp/B0BNBG14QJ/ref=sr_1_28?crid=14JUS1ZG81IKF&keywords=hearing+aids+with+bluetooth&qid=1681416711&sprefix=hearing+aids+with+bluetooth%2Caps%2C151&sr=8-28","376","https://www.amazon.com/Bluetooth-Rechargeable-Cancelling-Elimination-Amplifier/dp/B0BNBG14QJ/ref=sr_1_28?crid=14JUS1ZG81IKF&keywords=hearing+aids+with+bluetooth&qid=1681416711&sprefix=hearing+aids+with+bluetooth%2Caps%2C151&sr=8-28#customerReviews","89.","https://www.amazon.com/Bluetooth-Rechargeable-Cancelling-Elimination-Amplifier/dp/B0BNBG14QJ/ref=sr_1_28?crid=14JUS1ZG81IKF&keywords=hearing+aids+with+bluetooth&qid=1681416711&sprefix=hearing+aids+with+bluetooth%2Caps%2C151&sr=8-28","",""
"https://m.media-amazon.com/images/I/71p71RJkIKL._AC_UL400_.jpg","https://www.amazon.com/Amplifiers-Bluetooth-Rechargeable-Charging-Adjustable/dp/B0BCF84HM6/ref=sr_1_29?crid=14JUS1ZG81IKF&keywords=hearing+aids+with+bluetooth&qid=1681416711&sprefix=hearing+aids+with+bluetooth%2Caps%2C151&sr=8-29","10","https://www.amazon.com/Amplifiers-Bluetooth-Rechargeable-Charging-Adjustable/dp/B0BCF84HM6/ref=sr_1_29?crid=14JUS1ZG81IKF&keywords=hearing+aids+with+bluetooth&qid=1681416711&sprefix=hearing+aids+with+bluetooth%2Caps%2C151&sr=8-29#customerReviews","79.","https://www.amazon.com/Amplifiers-Bluetooth-Rechargeable-Charging-Adjustable/dp/B0BCF84HM6/ref=sr_1_29?crid=14JUS1ZG81IKF&keywords=hearing+aids+with+bluetooth&qid=1681416711&sprefix=hearing+aids+with+bluetooth%2Caps%2C151&sr=8-29","TBBSC",""
"https://m.media-amazon.com/images/I/51VJOnFZAjL._AC_UL400_.jpg","https://www.amazon.com/EarCentric-EasyCharge2-Rechargeable-Ear-Cancellation/dp/B09MTBTB86/ref=sr_1_30?crid=14JUS1ZG81IKF&keywords=hearing+aids+with+bluetooth&qid=1681416711&sprefix=hearing+aids+with+bluetooth%2Caps%2C151&sr=8-30","13","https://www.amazon.com/EarCentric-EasyCharge2-Rechargeable-Ear-Cancellation/dp/B09MTBTB86/ref=sr_1_30?crid=14JUS1ZG81IKF&keywords=hearing+aids+with+bluetooth&qid=1681416711&sprefix=hearing+aids+with+bluetooth%2Caps%2C151&sr=8-30#customerReviews","539.","https://www.amazon.com/EarCentric-EasyCharge2-Rechargeable-Ear-Cancellation/dp/B09MTBTB86/ref=sr_1_30?crid=14JUS1ZG81IKF&keywords=hearing+aids+with+bluetooth&qid=1681416711&sprefix=hearing+aids+with+bluetooth%2Caps%2C151&sr=8-30","Ear Centric",""
"","https://www.amazon.com/Bluetooth-Hearing-Amplifier-Seniors-Connection/dp/B09RLXBCLN/ref=sr_1_31?crid=14JUS1ZG81IKF&keywords=hearing+aids+with+bluetooth&qid=1681416711&sprefix=hearing+aids+with+bluetooth%2Caps%2C151&sr=8-31","46","https://www.amazon.com/Bluetooth-Hearing-Amplifier-Seniors-Connection/dp/B09RLXBCLN/ref=sr_1_31?crid=14JUS1ZG81IKF&keywords=hearing+aids+with+bluetooth&qid=1681416711&sprefix=hearing+aids+with+bluetooth%2Caps%2C151&sr=8-31#customerReviews","149.","https://www.amazon.com/Bluetooth-Hearing-Amplifier-Seniors-Connection/dp/B09RLXBCLN/ref=sr_1_31?crid=14JUS1ZG81IKF&keywords=hearing+aids+with+bluetooth&qid=1681416711&sprefix=hearing+aids+with+bluetooth%2Caps%2C151&sr=8-31","Neosonic",""
"https://m.media-amazon.com/images/I/71BvuSXT2NL._AC_UL400_.jpg","https://www.amazon.com/DiGGiNGSOUND-Rechargeable-Cancelling-Bluetooth-Amplifier/dp/B0BPM1MMDW/ref=sr_1_32?crid=14JUS1ZG81IKF&keywords=hearing+aids+with+bluetooth&qid=1681416711&sprefix=hearing+aids+with+bluetooth%2Caps%2C151&sr=8-32","43","https://www.amazon.com/DiGGiNGSOUND-Rechargeable-Cancelling-Bluetooth-Amplifier/dp/B0BPM1MMDW/ref=sr_1_32?crid=14JUS1ZG81IKF&keywords=hearing+aids+with+bluetooth&qid=1681416711&sprefix=hearing+aids+with+bluetooth%2Caps%2C151&sr=8-32#customerReviews","149.","https://www.amazon.com/DiGGiNGSOUND-Rechargeable-Cancelling-Bluetooth-Amplifier/dp/B0BPM1MMDW/ref=sr_1_32?crid=14JUS1ZG81IKF&keywords=hearing+aids+with+bluetooth&qid=1681416711&sprefix=hearing+aids+with+bluetooth%2Caps%2C151&sr=8-32","DiGGiNGSOUND",""
"https://m.media-amazon.com/images/I/619q7-8yF6L._AC_UL400_.jpg","https://www.amazon.com/BSLLTER-Bluetooth-Hearing-Aids-Control/dp/B0BR9QMN5G/ref=sr_1_33?crid=14JUS1ZG81IKF&keywords=hearing+aids+with+bluetooth&qid=1681416711&sprefix=hearing+aids+with+bluetooth%2Caps%2C151&sr=8-33","2","https://www.amazon.com/BSLLTER-Bluetooth-Hearing-Aids-Control/dp/B0BR9QMN5G/ref=sr_1_33?crid=14JUS1ZG81IKF&keywords=hearing+aids+with+bluetooth&qid=1681416711&sprefix=hearing+aids+with+bluetooth%2Caps%2C151&sr=8-33#customerReviews","","","BSLLTER",""
"https://m.media-amazon.com/images/I/61sSMrlvY1L._AC_UL400_.jpg","https://www.amazon.com/Lexie-Hearing-Aids-Powered-Bose/dp/B0BJ5VBY94/ref=sr_1_34?crid=14JUS1ZG81IKF&keywords=hearing+aids+with+bluetooth&qid=1681416711&sprefix=hearing+aids+with+bluetooth%2Caps%2C151&sr=8-34","140","https://www.amazon.com/Lexie-Hearing-Aids-Powered-Bose/dp/B0BJ5VBY94/ref=sr_1_34?crid=14JUS1ZG81IKF&keywords=hearing+aids+with+bluetooth&qid=1681416711&sprefix=hearing+aids+with+bluetooth%2Caps%2C151&sr=8-34#customerReviews","999.","https://www.amazon.com/Lexie-Hearing-Aids-Powered-Bose/dp/B0BJ5VBY94/ref=sr_1_34?crid=14JUS1ZG81IKF&keywords=hearing+aids+with+bluetooth&qid=1681416711&sprefix=hearing+aids+with+bluetooth%2Caps%2C151&sr=8-34","Lexie",""
"https://m.media-amazon.com/images/I/61gv151dXRL._AC_UL400_.jpg","https://www.amazon.com/Rechargeable-Indicating-Remaining-Percentage-Intelligent/dp/B0BNK7XV1C/ref=sr_1_35?crid=14JUS1ZG81IKF&keywords=hearing+aids+with+bluetooth&qid=1681416711&sprefix=hearing+aids+with+bluetooth%2Caps%2C151&sr=8-35","255","https://www.amazon.com/Rechargeable-Indicating-Remaining-Percentage-Intelligent/dp/B0BNK7XV1C/ref=sr_1_35?crid=14JUS1ZG81IKF&keywords=hearing+aids+with+bluetooth&qid=1681416711&sprefix=hearing+aids+with+bluetooth%2Caps%2C151&sr=8-35#customerReviews","149.","https://www.amazon.com/Rechargeable-Indicating-Remaining-Percentage-Intelligent/dp/B0BNK7XV1C/ref=sr_1_35?crid=14JUS1ZG81IKF&keywords=hearing+aids+with+bluetooth&qid=1681416711&sprefix=hearing+aids+with+bluetooth%2Caps%2C151&sr=8-35","BIBIED",""
"https://m.media-amazon.com/images/I/61JNhO3KAVL._AC_UL400_.jpg","https://www.amazon.com/Fursom-Rechargeable-Cancelling-Amplifiers-Pair%EF%BC%88Black%EF%BC%89/dp/B0BMG9PJJR/ref=sr_1_36?crid=14JUS1ZG81IKF&keywords=hearing+aids+with+bluetooth&qid=1681416711&sprefix=hearing+aids+with+bluetooth%2Caps%2C151&sr=8-36","21","https://www.amazon.com/Fursom-Rechargeable-Cancelling-Amplifiers-Pair%EF%BC%88Black%EF%BC%89/dp/B0BMG9PJJR/ref=sr_1_36?crid=14JUS1ZG81IKF&keywords=hearing+aids+with+bluetooth&qid=1681416711&sprefix=hearing+aids+with+bluetooth%2Caps%2C151&sr=8-36#customerReviews","169.","https://www.amazon.com/Fursom-Rechargeable-Cancelling-Amplifiers-Pair%EF%BC%88Black%EF%BC%89/dp/B0BMG9PJJR/ref=sr_1_36?crid=14JUS1ZG81IKF&keywords=hearing+aids+with+bluetooth&qid=1681416711&sprefix=hearing+aids+with+bluetooth%2Caps%2C151&sr=8-36","Fursom",""
"https://m.media-amazon.com/images/I/61OkQIP+ZJL._AC_UL400_.jpg","https://www.amazon.com/EarCentric-Rechargeable-Ear-amplification-Cancellation/dp/B09K1RKQS6/ref=sr_1_37?crid=14JUS1ZG81IKF&keywords=hearing+aids+with+bluetooth&qid=1681416711&sprefix=hearing+aids+with+bluetooth%2Caps%2C151&sr=8-37","2,493","https://www.amazon.com/EarCentric-Rechargeable-Ear-amplification-Cancellation/dp/B09K1RKQS6/ref=sr_1_37?crid=14JUS1ZG81IKF&keywords=hearing+aids+with+bluetooth&qid=1681416711&sprefix=hearing+aids+with+bluetooth%2Caps%2C151&sr=8-37#customerReviews","209.","https://www.amazon.com/EarCentric-Rechargeable-Ear-amplification-Cancellation/dp/B09K1RKQS6/ref=sr_1_37?crid=14JUS1ZG81IKF&keywords=hearing+aids+with+bluetooth&qid=1681416711&sprefix=hearing+aids+with+bluetooth%2Caps%2C151&sr=8-37","Ear Centric",""
"https://m.media-amazon.com/images/I/61iTqHEKsFL._AC_UL400_.jpg","https://www.amazon.com/Hearing-Rechargeable-Completely-Amplifier-Charging/dp/B0B7QKP6QL/ref=sr_1_38?crid=14JUS1ZG81IKF&keywords=hearing+aids+with+bluetooth&qid=1681416711&sprefix=hearing+aids+with+bluetooth%2Caps%2C151&sr=8-38","","","159.","https://www.amazon.com/Hearing-Rechargeable-Completely-Amplifier-Charging/dp/B0B7QKP6QL/ref=sr_1_38?crid=14JUS1ZG81IKF&keywords=hearing+aids+with+bluetooth&qid=1681416711&sprefix=hearing+aids+with+bluetooth%2Caps%2C151&sr=8-38","Vomues",""
"https://m.media-amazon.com/images/I/61mgE9hctDL._AC_UL400_.jpg","https://www.amazon.com/Rechargeable-Whistling-Amplifiers-Charging-Anti-lost/dp/B0BTD6XQ81/ref=sr_1_39?crid=14JUS1ZG81IKF&keywords=hearing+aids+with+bluetooth&qid=1681416711&sprefix=hearing+aids+with+bluetooth%2Caps%2C151&sr=8-39","25","https://www.amazon.com/Rechargeable-Whistling-Amplifiers-Charging-Anti-lost/dp/B0BTD6XQ81/ref=sr_1_39?crid=14JUS1ZG81IKF&keywords=hearing+aids+with+bluetooth&qid=1681416711&sprefix=hearing+aids+with+bluetooth%2Caps%2C151&sr=8-39#customerReviews","79.","https://www.amazon.com/Rechargeable-Whistling-Amplifiers-Charging-Anti-lost/dp/B0BTD6XQ81/ref=sr_1_39?crid=14JUS1ZG81IKF&keywords=hearing+aids+with+bluetooth&qid=1681416711&sprefix=hearing+aids+with+bluetooth%2Caps%2C151&sr=8-39","Udesyeny",""
"","https://www.amazon.com/SKADE-Rechargeable-Cancelling-8-Channel-Amplification/dp/B0BQRC1582/ref=sr_1_40?crid=14JUS1ZG81IKF&keywords=hearing+aids+with+bluetooth&qid=1681416711&sprefix=hearing+aids+with+bluetooth%2Caps%2C151&sr=8-40","25","https://www.amazon.com/SKADE-Rechargeable-Cancelling-8-Channel-Amplification/dp/B0BQRC1582/ref=sr_1_40?crid=14JUS1ZG81IKF&keywords=hearing+aids+with+bluetooth&qid=1681416711&sprefix=hearing+aids+with+bluetooth%2Caps%2C151&sr=8-40#customerReviews","139.","https://www.amazon.com/SKADE-Rechargeable-Cancelling-8-Channel-Amplification/dp/B0BQRC1582/ref=sr_1_40?crid=14JUS1ZG81IKF&keywords=hearing+aids+with+bluetooth&qid=1681416711&sprefix=hearing+aids+with+bluetooth%2Caps%2C151&sr=8-40","SKADE",""
"https://m.media-amazon.com/images/I/51HqGXkkVpL._AC_UL400_.jpg","https://www.amazon.com/Earbyear-Rechargeable-Cancelling-Invisible-Amplification/dp/B0B9N7NMNZ/ref=sr_1_41?crid=14JUS1ZG81IKF&keywords=hearing+aids+with+bluetooth&qid=1681416711&sprefix=hearing+aids+with+bluetooth%2Caps%2C151&sr=8-41","330","https://www.amazon.com/Earbyear-Rechargeable-Cancelling-Invisible-Amplification/dp/B0B9N7NMNZ/ref=sr_1_41?crid=14JUS1ZG81IKF&keywords=hearing+aids+with+bluetooth&qid=1681416711&sprefix=hearing+aids+with+bluetooth%2Caps%2C151&sr=8-41#customerReviews","99.","https://www.amazon.com/Earbyear-Rechargeable-Cancelling-Invisible-Amplification/dp/B0B9N7NMNZ/ref=sr_1_41?crid=14JUS1ZG81IKF&keywords=hearing+aids+with+bluetooth&qid=1681416711&sprefix=hearing+aids+with+bluetooth%2Caps%2C151&sr=8-41","Earbyear","4.2 out of 5 stars"
"https://m.media-amazon.com/images/I/418UMwi2lDL._AC_UL400_.jpg","https://www.amazon.com/Go-Hearing-Rechargeable-Reduction-Discreet/dp/B0BK9WWHDY/ref=sr_1_42?crid=14JUS1ZG81IKF&keywords=hearing+aids+with+bluetooth&qid=1681416711&sprefix=hearing+aids+with+bluetooth%2Caps%2C151&sr=8-42","36","https://www.amazon.com/Go-Hearing-Rechargeable-Reduction-Discreet/dp/B0BK9WWHDY/ref=sr_1_42?crid=14JUS1ZG81IKF&keywords=hearing+aids+with+bluetooth&qid=1681416711&sprefix=hearing+aids+with+bluetooth%2Caps%2C151&sr=8-42#customerReviews","299.","https://www.amazon.com/Go-Hearing-Rechargeable-Reduction-Discreet/dp/B0BK9WWHDY/ref=sr_1_42?crid=14JUS1ZG81IKF&keywords=hearing+aids+with+bluetooth&qid=1681416711&sprefix=hearing+aids+with+bluetooth%2Caps%2C151&sr=8-42","Go Hearing","4.0 out of 5 stars"
"https://m.media-amazon.com/images/I/61F8VSPf3dL._AC_UL400_.jpg","https://www.amazon.com/Hearing-Seniors-Rechargeable-Cancelling-Amplifier/dp/B09FHBCXPM/ref=sr_1_43?crid=14JUS1ZG81IKF&keywords=hearing+aids+with+bluetooth&qid=1681416711&sprefix=hearing+aids+with+bluetooth%2Caps%2C151&sr=8-43","375","https://www.amazon.com/Hearing-Seniors-Rechargeable-Cancelling-Amplifier/dp/B09FHBCXPM/ref=sr_1_43?crid=14JUS1ZG81IKF&keywords=hearing+aids+with+bluetooth&qid=1681416711&sprefix=hearing+aids+with+bluetooth%2Caps%2C151&sr=8-43#customerReviews","79.","https://www.amazon.com/Hearing-Seniors-Rechargeable-Cancelling-Amplifier/dp/B09FHBCXPM/ref=sr_1_43?crid=14JUS1ZG81IKF&keywords=hearing+aids+with+bluetooth&qid=1681416711&sprefix=hearing+aids+with+bluetooth%2Caps%2C151&sr=8-43","F&Kcoptee","3.8 out of 5 stars"
"https://m.media-amazon.com/images/I/61062vQTqLL._AC_UL400_.jpg","https://www.amazon.com/EARGO-Self-Fitting-Adult-Hearing-Aids/dp/B0BSHCNP5W/ref=sr_1_44?crid=14JUS1ZG81IKF&keywords=hearing+aids+with+bluetooth&qid=1681416711&sprefix=hearing+aids+with+bluetooth%2Caps%2C151&sr=8-44","14","https://www.amazon.com/EARGO-Self-Fitting-Adult-Hearing-Aids/dp/B0BSHCNP5W/ref=sr_1_44?crid=14JUS1ZG81IKF&keywords=hearing+aids+with+bluetooth&qid=1681416711&sprefix=hearing+aids+with+bluetooth%2Caps%2C151&sr=8-44#customerReviews","2,650.","https://www.amazon.com/EARGO-Self-Fitting-Adult-Hearing-Aids/dp/B0BSHCNP5W/ref=sr_1_44?crid=14JUS1ZG81IKF&keywords=hearing+aids+with+bluetooth&qid=1681416711&sprefix=hearing+aids+with+bluetooth%2Caps%2C151&sr=8-44","",""
"https://m.media-amazon.com/images/I/61v9rgBbMdL._AC_UL400_.jpg","https://www.amazon.com/Hionec-Rechargeable-Cancelling-16-Channel-Comfortable/dp/B09T9BBN2J/ref=sr_1_45?crid=14JUS1ZG81IKF&keywords=hearing+aids+with+bluetooth&qid=1681416711&sprefix=hearing+aids+with+bluetooth%2Caps%2C151&sr=8-45","269","https://www.amazon.com/Hionec-Rechargeable-Cancelling-16-Channel-Comfortable/dp/B09T9BBN2J/ref=sr_1_45?crid=14JUS1ZG81IKF&keywords=hearing+aids+with+bluetooth&qid=1681416711&sprefix=hearing+aids+with+bluetooth%2Caps%2C151&sr=8-45#customerReviews","179.","https://www.amazon.com/Hionec-Rechargeable-Cancelling-16-Channel-Comfortable/dp/B09T9BBN2J/ref=sr_1_45?crid=14JUS1ZG81IKF&keywords=hearing+aids+with+bluetooth&qid=1681416711&sprefix=hearing+aids+with+bluetooth%2Caps%2C151&sr=8-45","Hionec",""
"","https://www.amazon.com/LUXATO-Rechargeable-Canceling-Amplifiers-Invisible/dp/B0B3WQQNQ3/ref=sr_1_46?crid=14JUS1ZG81IKF&keywords=hearing+aids+with+bluetooth&qid=1681416711&sprefix=hearing+aids+with+bluetooth%2Caps%2C151&sr=8-46","33","https://www.amazon.com/LUXATO-Rechargeable-Canceling-Amplifiers-Invisible/dp/B0B3WQQNQ3/ref=sr_1_46?crid=14JUS1ZG81IKF&keywords=hearing+aids+with+bluetooth&qid=1681416711&sprefix=hearing+aids+with+bluetooth%2Caps%2C151&sr=8-46#customerReviews","84.","https://www.amazon.com/LUXATO-Rechargeable-Canceling-Amplifiers-Invisible/dp/B0B3WQQNQ3/ref=sr_1_46?crid=14JUS1ZG81IKF&keywords=hearing+aids+with+bluetooth&qid=1681416711&sprefix=hearing+aids+with+bluetooth%2Caps%2C151&sr=8-46","LUXATO",""
"https://m.media-amazon.com/images/I/61vqHEgvoAL._AC_UL400_.jpg","https://www.amazon.com/Hearing-Rechargeable-Cancelling-Amplifier-Invisible/dp/B09C363RZK/ref=sr_1_47?crid=14JUS1ZG81IKF&keywords=hearing+aids+with+bluetooth&qid=1681416711&sprefix=hearing+aids+with+bluetooth%2Caps%2C151&sr=8-47","458","https://www.amazon.com/Hearing-Rechargeable-Cancelling-Amplifier-Invisible/dp/B09C363RZK/ref=sr_1_47?crid=14JUS1ZG81IKF&keywords=hearing+aids+with+bluetooth&qid=1681416711&sprefix=hearing+aids+with+bluetooth%2Caps%2C151&sr=8-47#customerReviews","59.","https://www.amazon.com/Hearing-Rechargeable-Cancelling-Amplifier-Invisible/dp/B09C363RZK/ref=sr_1_47?crid=14JUS1ZG81IKF&keywords=hearing+aids+with+bluetooth&qid=1681416711&sprefix=hearing+aids+with+bluetooth%2Caps%2C151&sr=8-47","CYMYFLYY","3.8 out of 5 stars"
"https://m.media-amazon.com/images/I/51eHpxwUofL._AC_UL400_.jpg","https://www.amazon.com/Rechargeable-Cancelling-Amplifier-Squealing-Magnetic/dp/B0B8C8BXFQ/ref=sr_1_48?crid=14JUS1ZG81IKF&keywords=hearing+aids+with+bluetooth&qid=1681416711&sprefix=hearing+aids+with+bluetooth%2Caps%2C151&sr=8-48","581","https://www.amazon.com/Rechargeable-Cancelling-Amplifier-Squealing-Magnetic/dp/B0B8C8BXFQ/ref=sr_1_48?crid=14JUS1ZG81IKF&keywords=hearing+aids+with+bluetooth&qid=1681416711&sprefix=hearing+aids+with+bluetooth%2Caps%2C151&sr=8-48#customerReviews","129.","https://www.amazon.com/Rechargeable-Cancelling-Amplifier-Squealing-Magnetic/dp/B0B8C8BXFQ/ref=sr_1_48?crid=14JUS1ZG81IKF&keywords=hearing+aids+with+bluetooth&qid=1681416711&sprefix=hearing+aids+with+bluetooth%2Caps%2C151&sr=8-48","GOPAMA","4.1 out of 5 stars"
"https://m.media-amazon.com/images/I/51IaKONvoHL._AC_UL400_.jpg","https://www.amazon.com/Rechargeable-Earrck-Amplifier-Cancelling-Magnetic/dp/B0BVBC5SPX/ref=sr_1_49?crid=14JUS1ZG81IKF&keywords=hearing+aids+with+bluetooth&qid=1681416711&sprefix=hearing+aids+with+bluetooth%2Caps%2C151&sr=8-49","10","https://www.amazon.com/Rechargeable-Earrck-Amplifier-Cancelling-Magnetic/dp/B0BVBC5SPX/ref=sr_1_49?crid=14JUS1ZG81IKF&keywords=hearing+aids+with+bluetooth&qid=1681416711&sprefix=hearing+aids+with+bluetooth%2Caps%2C151&sr=8-49#customerReviews","199.","https://www.amazon.com/Rechargeable-Earrck-Amplifier-Cancelling-Magnetic/dp/B0BVBC5SPX/ref=sr_1_49?crid=14JUS1ZG81IKF&keywords=hearing+aids+with+bluetooth&qid=1681416711&sprefix=hearing+aids+with+bluetooth%2Caps%2C151&sr=8-49","Earrck",""
"","https://www.amazon.com/Audien-Rechargeable-Hearing-Amplifier-Invisible/dp/B09MBGMMPC/ref=sr_1_50?crid=14JUS1ZG81IKF&keywords=hearing+aids+with+bluetooth&qid=1681416711&sprefix=hearing+aids+with+bluetooth%2Caps%2C151&sr=8-50","442","https://www.amazon.com/Audien-Rechargeable-Hearing-Amplifier-Invisible/dp/B09MBGMMPC/ref=sr_1_50?crid=14JUS1ZG81IKF&keywords=hearing+aids+with+bluetooth&qid=1681416711&sprefix=hearing+aids+with+bluetooth%2Caps%2C151&sr=8-50#customerReviews","249.","https://www.amazon.com/Audien-Rechargeable-Hearing-Amplifier-Invisible/dp/B09MBGMMPC/ref=sr_1_50?crid=14JUS1ZG81IKF&keywords=hearing+aids+with+bluetooth&qid=1681416711&sprefix=hearing+aids+with+bluetooth%2Caps%2C151&sr=8-50","Audien Hearing",""
"https://m.media-amazon.com/images/I/51k5oUB7MAL._AC_UL400_.jpg","https://www.amazon.com/Teorite-Rechargeable-Cancellation-Comfortable-Grandparent/dp/B0BX8TRDMD/ref=sr_1_51?crid=14JUS1ZG81IKF&keywords=hearing+aids+with+bluetooth&qid=1681416711&sprefix=hearing+aids+with+bluetooth%2Caps%2C151&sr=8-51","18","https://www.amazon.com/Teorite-Rechargeable-Cancellation-Comfortable-Grandparent/dp/B0BX8TRDMD/ref=sr_1_51?crid=14JUS1ZG81IKF&keywords=hearing+aids+with+bluetooth&qid=1681416711&sprefix=hearing+aids+with+bluetooth%2Caps%2C151&sr=8-51#customerReviews","309.","https://www.amazon.com/Teorite-Rechargeable-Cancellation-Comfortable-Grandparent/dp/B0BX8TRDMD/ref=sr_1_51?crid=14JUS1ZG81IKF&keywords=hearing+aids+with+bluetooth&qid=1681416711&sprefix=hearing+aids+with+bluetooth%2Caps%2C151&sr=8-51","",""
"https://m.media-amazon.com/images/I/61JI4gm5kPL._AC_UL400_.jpg","https://www.amazon.com/Lentorgi-Bluetooth-Rechargeable-Cancelling-Invisible/dp/B0BNNKSX7L/ref=sr_1_52?crid=14JUS1ZG81IKF&keywords=hearing+aids+with+bluetooth&qid=1681416711&sprefix=hearing+aids+with+bluetooth%2Caps%2C151&sr=8-52","10","https://www.amazon.com/Lentorgi-Bluetooth-Rechargeable-Cancelling-Invisible/dp/B0BNNKSX7L/ref=sr_1_52?crid=14JUS1ZG81IKF&keywords=hearing+aids+with+bluetooth&qid=1681416711&sprefix=hearing+aids+with+bluetooth%2Caps%2C151&sr=8-52#customerReviews","329.","https://www.amazon.com/Lentorgi-Bluetooth-Rechargeable-Cancelling-Invisible/dp/B0BNNKSX7L/ref=sr_1_52?crid=14JUS1ZG81IKF&keywords=hearing+aids+with+bluetooth&qid=1681416711&sprefix=hearing+aids+with+bluetooth%2Caps%2C151&sr=8-52","Lentorgi",""
"https://m.media-amazon.com/images/I/515M39aQoiL._AC_UL400_.jpg","https://www.amazon.com/Mirasing-Hearing-Seniors-Adults-Noise-Cancelling/dp/B09P7ZLY5T/ref=sr_1_53?crid=14JUS1ZG81IKF&keywords=hearing+aids+with+bluetooth&qid=1681416711&sprefix=hearing+aids+with+bluetooth%2Caps%2C151&sr=8-53","138","https://www.amazon.com/Mirasing-Hearing-Seniors-Adults-Noise-Cancelling/dp/B09P7ZLY5T/ref=sr_1_53?crid=14JUS1ZG81IKF&keywords=hearing+aids+with+bluetooth&qid=1681416711&sprefix=hearing+aids+with+bluetooth%2Caps%2C151&sr=8-53#customerReviews","55.","https://www.amazon.com/Mirasing-Hearing-Seniors-Adults-Noise-Cancelling/dp/B09P7ZLY5T/ref=sr_1_53?crid=14JUS1ZG81IKF&keywords=hearing+aids+with+bluetooth&qid=1681416711&sprefix=hearing+aids+with+bluetooth%2Caps%2C151&sr=8-53","Mirasing",""
"https://m.media-amazon.com/images/I/61v9RZcrdyL._AC_UL400_.jpg","https://www.amazon.com/Hionec-Rechargeable-16-Channel-Comfortable-Conversation/dp/B0B1TZPCGL/ref=sr_1_54?crid=14JUS1ZG81IKF&keywords=hearing+aids+with+bluetooth&qid=1681416711&sprefix=hearing+aids+with+bluetooth%2Caps%2C151&sr=8-54","121","https://www.amazon.com/Hionec-Rechargeable-16-Channel-Comfortable-Conversation/dp/B0B1TZPCGL/ref=sr_1_54?crid=14JUS1ZG81IKF&keywords=hearing+aids+with+bluetooth&qid=1681416711&sprefix=hearing+aids+with+bluetooth%2Caps%2C151&sr=8-54#customerReviews","209.","https://www.amazon.com/Hionec-Rechargeable-16-Channel-Comfortable-Conversation/dp/B0B1TZPCGL/ref=sr_1_54?crid=14JUS1ZG81IKF&keywords=hearing+aids+with+bluetooth&qid=1681416711&sprefix=hearing+aids+with+bluetooth%2Caps%2C151&sr=8-54","Hionec","4.0 out of 5 stars"
"https://m.media-amazon.com/images/I/61cRf6W7TpL._AC_UL400_.jpg","https://www.amazon.com/Rechargeable-Bluetooth-Channels-Amplifiers-Cancellation/dp/B0BM3ZPTMJ/ref=sr_1_55?crid=14JUS1ZG81IKF&keywords=hearing+aids+with+bluetooth&qid=1681416711&sprefix=hearing+aids+with+bluetooth%2Caps%2C151&sr=8-55","182","https://www.amazon.com/Rechargeable-Bluetooth-Channels-Amplifiers-Cancellation/dp/B0BM3ZPTMJ/ref=sr_1_55?crid=14JUS1ZG81IKF&keywords=hearing+aids+with+bluetooth&qid=1681416711&sprefix=hearing+aids+with+bluetooth%2Caps%2C151&sr=8-55#customerReviews","99.","https://www.amazon.com/Rechargeable-Bluetooth-Channels-Amplifiers-Cancellation/dp/B0BM3ZPTMJ/ref=sr_1_55?crid=14JUS1ZG81IKF&keywords=hearing+aids+with+bluetooth&qid=1681416711&sprefix=hearing+aids+with+bluetooth%2Caps%2C151&sr=8-55","Elalight",""
"https://m.media-amazon.com/images/I/61W4-Ciap3L._AC_UL400_.jpg","https://www.amazon.com/Rechargeable-Cancelling-Amplifiers-One-Touch-Operation/dp/B0BHQMWR4R/ref=sr_1_56?crid=14JUS1ZG81IKF&keywords=hearing+aids+with+bluetooth&qid=1681416711&sprefix=hearing+aids+with+bluetooth%2Caps%2C151&sr=8-56","85","https://www.amazon.com/Rechargeable-Cancelling-Amplifiers-One-Touch-Operation/dp/B0BHQMWR4R/ref=sr_1_56?crid=14JUS1ZG81IKF&keywords=hearing+aids+with+bluetooth&qid=1681416711&sprefix=hearing+aids+with+bluetooth%2Caps%2C151&sr=8-56#customerReviews","169.","https://www.amazon.com/Rechargeable-Cancelling-Amplifiers-One-Touch-Operation/dp/B0BHQMWR4R/ref=sr_1_56?crid=14JUS1ZG81IKF&keywords=hearing+aids+with+bluetooth&qid=1681416711&sprefix=hearing+aids+with+bluetooth%2Caps%2C151&sr=8-56","BEVI",""
"https://m.media-amazon.com/images/I/61uM2pQIOjL._AC_UL400_.jpg","https://www.amazon.com/Brightworld-Hearing-Aids-Cancelling-Rechargeable/dp/B0B6PHJVQ8/ref=sr_1_57?crid=14JUS1ZG81IKF&keywords=hearing+aids+with+bluetooth&qid=1681416711&sprefix=hearing+aids+with+bluetooth%2Caps%2C151&sr=8-57","28","https://www.amazon.com/Brightworld-Hearing-Aids-Cancelling-Rechargeable/dp/B0B6PHJVQ8/ref=sr_1_57?crid=14JUS1ZG81IKF&keywords=hearing+aids+with+bluetooth&qid=1681416711&sprefix=hearing+aids+with+bluetooth%2Caps%2C151&sr=8-57#customerReviews","79.","https://www.amazon.com/Brightworld-Hearing-Aids-Cancelling-Rechargeable/dp/B0B6PHJVQ8/ref=sr_1_57?crid=14JUS1ZG81IKF&keywords=hearing+aids+with+bluetooth&qid=1681416711&sprefix=hearing+aids+with+bluetooth%2Caps%2C151&sr=8-57","Brightworld","3.9 out of 5 stars"
"","https://www.amazon.com/Audien-Rechargeable-Hearing-Amplifier-Invisible/dp/B09MBG14TH/ref=sr_1_58?crid=14JUS1ZG81IKF&keywords=hearing+aids+with+bluetooth&qid=1681416711&sprefix=hearing+aids+with+bluetooth%2Caps%2C151&sr=8-58","1,292","https://www.amazon.com/Audien-Rechargeable-Hearing-Amplifier-Invisible/dp/B09MBG14TH/ref=sr_1_58?crid=14JUS1ZG81IKF&keywords=hearing+aids+with+bluetooth&qid=1681416711&sprefix=hearing+aids+with+bluetooth%2Caps%2C151&sr=8-58#customerReviews","99.","https://www.amazon.com/Audien-Rechargeable-Hearing-Amplifier-Invisible/dp/B09MBG14TH/ref=sr_1_58?crid=14JUS1ZG81IKF&keywords=hearing+aids+with+bluetooth&qid=1681416711&sprefix=hearing+aids+with+bluetooth%2Caps%2C151&sr=8-58","Audien Hearing",""
"https://m.media-amazon.com/images/I/51T03DIv3GL._AC_UL400_.jpg","https://www.amazon.com/Hearing-Amplifier-Inner-Ear-Channels-Digital/dp/B0BJ6925LQ/ref=sr_1_59?crid=14JUS1ZG81IKF&keywords=hearing+aids+with+bluetooth&qid=1681416711&sprefix=hearing+aids+with+bluetooth%2Caps%2C151&sr=8-59","23","https://www.amazon.com/Hearing-Amplifier-Inner-Ear-Channels-Digital/dp/B0BJ6925LQ/ref=sr_1_59?crid=14JUS1ZG81IKF&keywords=hearing+aids+with+bluetooth&qid=1681416711&sprefix=hearing+aids+with+bluetooth%2Caps%2C151&sr=8-59#customerReviews","99.","https://www.amazon.com/Hearing-Amplifier-Inner-Ear-Channels-Digital/dp/B0BJ6925LQ/ref=sr_1_59?crid=14JUS1ZG81IKF&keywords=hearing+aids+with+bluetooth&qid=1681416711&sprefix=hearing+aids+with+bluetooth%2Caps%2C151&sr=8-59","HealthTree","3.9 out of 5 stars"
"https://m.media-amazon.com/images/I/510qfvFfZ8L._AC_UL400_.jpg","https://www.amazon.com/OMKER-Rechargeable-Amplifier-Upgraded-Elimination/dp/B0BVHQNRKH/ref=sr_1_60?crid=14JUS1ZG81IKF&keywords=hearing+aids+with+bluetooth&qid=1681416711&sprefix=hearing+aids+with+bluetooth%2Caps%2C151&sr=8-60","1","https://www.amazon.com/OMKER-Rechargeable-Amplifier-Upgraded-Elimination/dp/B0BVHQNRKH/ref=sr_1_60?crid=14JUS1ZG81IKF&keywords=hearing+aids+with+bluetooth&qid=1681416711&sprefix=hearing+aids+with+bluetooth%2Caps%2C151&sr=8-60#customerReviews","25.","https://www.amazon.com/OMKER-Rechargeable-Amplifier-Upgraded-Elimination/dp/B0BVHQNRKH/ref=sr_1_60?crid=14JUS1ZG81IKF&keywords=hearing+aids+with+bluetooth&qid=1681416711&sprefix=hearing+aids+with+bluetooth%2Caps%2C151&sr=8-60","OMKER",""